,store,sido,gungu,store_address,store_phone
0,매탄점,경기,수원시,경기 수원시 영통구 매영로45번길22-1,031-287-1898
1,서울대입구점,서울,관악구,서울 관악구 청룡7길41,02-877-5280
2,회기점,서울,동대문구,서울 동대문구 이문로65,02-966-4050
3,화곡곰달래점,서울,강서구,서울 강서구 곰달래로49길11,02-2603-8999
4,인천논현점,인천,남동구,인천 남동구 앵고개로847번길64,032-435-5599
5,오산시티자이점,경기,오산시,경기 오산시 부산중앙로42,031-373-1599
6,부산부곡점,부산,금정구,"부산 금정구 동부곡로6번길 5, 1층 (부곡동)",051-923-1463
7,창녕점,경남,창녕군,경남 창녕군 창녕읍 종로54-1,055-533-0804
8,황금점,대구,수성구,대구 수성구 동대구로20길96,053-763-9995
9,육사점,서울,노원구,서울 노원구 공릉동 공릉 사서함77-5,02-2197-5941
10,불광역점,서울,은평구,서울 은평구 통일로66길12-1,02-356-7174
11,민둥산점,강원,정선군,강원 정선군 남면 무릉1로94,033-591-2684
12,오송2산단점,충북,청주시,충북 청주시 흥덕구 오송읍 오송생명7로118,043-237-2377
13,양재점,서울,서초구,서울 서초구 바우뫼로41길24,02-576-9204
14,마전점,인천,서구,인천 서구 완정로126,032-563-9909
15,면목사가정점,서울,중랑구,서울 중랑구 사가정로42길37,02-6369-6002
16,대구율하점,대구,동구,대구 동구 율하동로10길22,053-962-8002
17,이매점,경기,성남시,경기 성남시 분당구 판교로431,070-4821-0135
18,칠암점,경남,진주시,경남 진주시 진주대로856번길5,055-758-0119
19,삼도점,제주,제주시,제주 제주시 서광로265,064-725-2588
20,당산점,서울,영등포구,서울 영등포구 선유로53길10,02-2633-9282
21,루원시티점,인천,서구,인천 서구 청중로478번길24,032-566-3977
22,안정점,경남,통영시,경남 통영시 광도면 안정1길42,055-649-5585
23,의정부중앙점,경기,의정부시,경기 의정부시 태평로135,031-848-3999
24,대구상동점,대구,수성구,대구 수성구 상화로47,053-768-7776
25,미아역점,서울,강북구,서울 강북구 도봉로146,02-981-8888
26,범박점,경기,부천시,경기 부천시 소사구 양지남로51번길7-7,032-344-1145
27,송도레이크점,인천,연수구,인천 연수구 아카데미로312번길177,032-833-8323
28,부산역점,부산,동구,부산 동구 초량로 46-2 (초량동),051-441-7922
29,자양우송대점,대전,동구,대전 동구 대동로12,042-622-5144
30,신대점,전남,순천시,전남 순천시 해룡면 신대로10,061-727-9282
31,성주가천점,경북,성주군,경북 성주군 가천면 창금로317,054-932-9282
32,서부정류장점,대구,달서구,대구 달서구 구마로230,053-652-5222
33,별내점,경기,남양주시,경기 남양주시 별내동1007-4,031-528-1282
34,대련점,경북,포항시,경북 포항시 북구 흥해읍 연화길12,054-261-4327
35,노은점,대전,유성구,대전 유성구 은구비남로33번길5,042-822-7992
36,고곡점,경남,창녕군,경남 창녕군 남지읍 고곡길2,055-536-3710
37,개포점,서울,강남구,서울 강남구 논현로16길10-3,02-529-5557
38,양평역점,서울,영등포구,서울 영등포구 영등포로55,02-2675-7787
39,연제점,부산,연제구,부산 연제구 안연로30,051-715-8288
40,나사렛역점,충남,천안시,충남 천안시 서북구 쌍용19로21,041-571-9292
41,광교웰빙타운점,경기,수원시,경기 수원시 영통구 대학로101,031-216-8818
42,만수시장점,인천,남동구,인천 남동구 만수로7,032-465-7479
43,산본역점,경기,군포시,경기 군포시 번영로495,031-391-7776
44,경성부경대점,부산,남구,부산 남구 수영로266번길108,051-256-8066
45,송산효자점,경기,의정부시,경기 의정부시 부용로 207-1,031-928-6633
46,거여점,서울,송파구,서울 송파구 오금로64길3,02-402-9288
47,신월남부점,서울,양천구,서울 양천구 오목로15,02-2694-0310
48,화곡역점,서울,강서구,서울 강서구 화곡로31다길20,02-2604-2299
49,영통구청점,경기,수원시,경기 수원시 영통구 인계로292번길42-5,031-212-3451
50,백양점,부산,부산진구,부산 부산진구 개금본동로17번길10,051-987-1059
51,성본점,충북,음성군,충북 음성군 대소면 성본상가로49,043-877-8292
52,죽변항점,경북,울진군,경북 울진군 죽변면 죽변중앙로168-58,054-782-8259
53,복현점,대구,북구,대구 북구 동북로61길11-2,053-944-8292
54,만촌점,대구,수성구,대구 수성구 만촌로49-2,053-741-7779
55,대구불로점,대구,동구,대구 동구 팔공로31길6-3,053-985-1839
56,대구시청점,대구,중구,대구 중구 경상감영길227,053-255-3303
57,공릉점,서울,노원구,서울 노원구 동일로173가길64,02-971-9282
58,신촌점,서울,서대문구,서울 서대문구 이화여대3길27,02-363-9282
59,목행점,충북,충주시,충북 충주시 행정9길32,043-723-1315
60,고한사북점,강원,정선군,강원 정선군 고한읍 고한2길55,033-591-4477
61,둔내점,강원,횡성군,강원 횡성군 둔내면 둔내로56,033-344-9192
62,엄궁점,부산,사상구,부산 사상구 대동로40,051-322-5785
63,통진점,경기,김포시,경기 김포시 통진읍 마송1로9,031-996-2221
64,대림점,서울,영등포구,서울 영등포구 디지털로397,02-833-8292
65,원미점,경기,부천시,경기 부천시 원미구 조종로7번길33,032-666-6668
66,광명소하점,경기,광명시,경기 광명시 소하로92번길12,02-899-5589
67,산곡점,인천,부평구,인천 부평구 화랑북로7,032-513-8882
68,동수역점,인천,부평구,인천 부평구 동수로7,032-501-9341
69,사송점,경남,양산시,경남 양산시 동면 내송큰들로141,055-785-0301
70,동래시장점,부산,동래구,부산 동래구 명륜로112번길41,051-555-8485
71,송탄신장점,경기,평택시,경기 평택시 지산로11번길6,031-666-2095
72,풍무역점,경기,김포시,경기 김포시 풍무로176,031-988-4888
73,운남점,인천,중구,인천 중구 흰바위로284,032-751-3355
74,석바위시장역점,인천,남동구,인천 남동구 구월로40번길13,032-710-6424
75,세류2점,경기,수원시,경기 수원시 권선구 정조로431-2,031-222-7292
76,호계점,경기,안양시,경기 안양시 동안구 엘에스로45번길20,031-427-9969
77,강남반포점,서울,서초구,서울 서초구 강남대로79길48,02-545-1005
78,둔촌점,서울,강동구,서울 강동구 명일로13길20,02-476-2016
79,상도점,서울,동작구,서울 동작구 상도로30길19,02-6080-5280
80,남산외대점,부산,금정구,"부산 금정구 남산로28, 1층(남산동, 산정빌딩)",051-517-9989
81,오전점,경기,의왕시,경기 의왕시 전주남이길8,031-427-9989
82,오성점,전남,광양시,전남 광양시 광양읍 예구6길29,061-913-9282
83,망양이편한세상점,울산,울주군,울산 울주군 온양읍 망양3길42,052-238-5127
84,지사동점,부산,강서구,부산 강서구 과학산단로334번길7,051-710-0360
85,중마점,전남,광양시,전남 광양시 길호1길30,061-793-9289
86,개금점,부산,부산진구,부산 부산진구 가야공원로22,051-715-7792
87,사남점,경남,사천시,경남 사천시 사남면 월성1길15-31,055-786-7676
88,낙민수안점,부산,동래구,부산 동래구 수안로8번길35,051-924-0092
89,송절점,충북,청주시,충북 청주시 흥덕구 송화로150번길7-16,043-267-3622
90,의정부용현점,경기,의정부시,경기 의정부시 용민로18,031-853-8539
91,반달섬점,경기,안산시,경기 안산시 단원구 엠티브이17로36,031-8042-2822
92,소사점,경기,부천시,경기 부천시 소사구 호현로455,032-211-9100
93,북위례점,경기,하남시,경기 하남시 위례대로6길20-2,02-402-7292
94,내곡회산점,강원,강릉시,강원 강릉시 범일로579번길29-6,033-643-3744
95,영등포본동점,서울,영등포구,서울 영등포구 영신로9나길17,02-845-0451
96,병방점,인천,계양구,인천 계양구 계양산로215번길20,032-544-5592
97,수청지구점,충남,당진시,충남 당진시 대덕1로102-15,041-355-5566
98,아주대점,경기,수원시,경기 수원시 팔달구 중부대로220번길10,031-217-4941
99,담빛호수점,전남,담양군,전남 담양군 담양읍 태왕3로88-9,061-383-9282
100,동명계림점,광주,동구,광주 동구 필문대로252,062-710-9585
101,범물점,대구,수성구,대구 수성구 범물동1369-11,053-782-7631
102,삼계에버랜드점,경기,용인시,경기 용인시 처인구 포곡읍 포곡로297번길1,031-337-3133
103,연동점,제주,제주시,제주 제주시 사장2길31,064-742-7792
104,완도점,전남,완도군,전남 완도군 완도읍 개포로154-6,061-552-9283
105,지웰복대점,충북,청주시,충북 청주시 흥덕구 증안로22번길13-12,043-236-5444
106,진주혁신도시점,경남,진주시,경남 진주시 충의로119,055-755-1158
107,용이스타필드점,경기,평택시,경기 평택시 현신7길23,031-692-9992
108,센텀점,부산,해운대구,부산 해운대구 해운대로 76번길52,051-784-6667
109,박사로점,강원,춘천시,강원 춘천시 서면 박사로 929,033-242-5485
110,서창2점,인천,남동구,인천 남동구 서창남순환로10번길16-10,032-467-4407
111,작전점,인천,계양구,인천 계양구 주부토로386,032-546-7773
112,삼척교동점,강원,삼척시,강원 삼척시 청석로75-19,033-572-9392
113,신창점,충남,아산시,충남 아산시 신창면 행목로217,041-545-9989
114,둔곡점,대전,유성구,대전 유성구 과학지원4길13,042-933-2365
115,주안북부점,인천,미추홀구,인천 미추홀구 길파로27번길43,032-875-3224
116,보라점,경기,용인시,경기 용인시 기흥구 한보라1로10번길5,031-283-7942
117,동탄호수점,경기,화성시,경기 화성시 동탄대로1길32,031-374-9399
118,김천부상점,경북,김천시,경북 김천시 남면 농남로1053,054-434-7999
119,강릉옥계점,강원,강릉시,강원 강릉시 옥계면 현내시장길57,033-533-9979
120,쌍촌점,광주,서구,광주 서구 월드컵4강로181번길26,062-371-9281
121,송도월드마크점,인천,연수구,인천 연수구 컨벤시아대로50,032-832-8328
122,망포아이파크캐슬점,경기,화성시,경기 화성시 동탄지성로469번길60,031-8050-0917
123,성남은행점,경기,성남시,경기 성남시 중원구 산성대로582번길10,031-733-9292
124,봉선점,광주,남구,광주 남구 대남대로171번길7,062-710-8595
125,호명점,경북,예천군,경북 예천군 호명면 행복로177,054-653-9253
126,도래울점,경기,고양시,경기 고양시 덕양구 도래울2로 3,031-963-7077
127,궐동점,경기,오산시,경기 오산시 궐리사로8,031-372-9257
128,학익점,인천,미추홀구,인천 미추홀구 소성로230,032-875-9282
129,송내점,경기,부천시,경기 부천시 송내대로16,032-710-3477
130,미사강변점,경기,하남시,경기 하남시 미사강변한강로158번길138,031-8027-8388
131,원종역점,경기,부천시,경기 부천시 원종로65번길14-23,032-678-8825
132,동탄역점,경기,화성시,경기 화성시 동탄대로591,031-376-8252
133,양지점,경기,용인시,경기 용인시 처인구 양지면 양지로148번길7,031-322-8282
134,상대점,경남,진주시,경남 진주시 동진로167번길15-8,055-762-9982
135,진동점,경남,창원시,경남 창원시 마산합포구 진동면 신서촌2길34,055-271-9905
136,진주문산점,경남,진주시,경남 진주시 문산읍 소문길51,055-761-9992
137,한강센트럴자이점,경기,김포시,경기 김포시 태장로823,031-996-2845
138,개운한신점,강원,원주시,강원 원주시 송림길48,033-766-9262
139,정림점,대전,서구,대전 서구 정림로70번길 6,042-583-9945
140,신봉점,경기,용인시,경기 용인시 수지구 신봉1로157,031-261-9282
141,청북점,경기,평택시,경기 평택시 청북읍 안청로2길33-36,031-682-2223
142,엄사점,충남,계룡시,"충남 계룡시 엄사면 전원1길 33-9, 1층",042-841-1159
143,검단파라곤센트럴점,인천,서구,인천 서구 이음2로29,032-566-5573
144,동양대점,경기,동두천시,경기 동두천시 평화로2784,031-866-9285
145,백천점,경북,경산시,경북 경산시 경청로219길4-6,053-816-8777
146,흥남점,경남,거제시,경남 거제시 장목면 흥남길52,055-736-0562
147,봉림점,경남,창원시,경남 창원시 의창구 대봉로20,055-277-8295
148,해운대중동점,부산,해운대구,부산 해운대구 좌동순환로8번길78,051-701-9292
149,임동신안점,광주,북구,광주 북구 태봉로9,062-524-9291
150,일산점,경기,고양시,경기 고양시 일산서구 고양대로706-25,031-977-9270
151,울진북면점,경북,울진군,경북 울진군 북면 덕구온천로28,054-783-0747
152,오천남부점,전남,순천시,전남 순천시 우석로134,061-745-9289
153,영광점,전남,영광군,전남 영광군 영광읍 중앙로136,061-351-9289
154,안목해변점,강원,강릉시,강원 강릉시 견소동237,033-652-9282
155,신항점,경남,창원시,경남 창원시 진해구 신항4로41-34,055-552-1882
156,구미신평점,경북,구미시,경북 구미시 칠성로2길39,054-444-0202
157,소양점,강원,춘천시,강원 춘천시 소양로186,033-255-8881
158,청주성안점,충북,청주시,충북 청주시 상당구 단재로24-2,043-259-7527
159,삼천점,전북,전주시,전북 전주시 완산구 삼천천변1길17,063-211-9282
160,삼문점,경남,밀양시,경남 밀양시 중앙로234-3,055-354-8592
161,산성복수점,대전,중구,대전 중구 산성동119-1,042-585-1188
162,무선점,전남,여수시,전남 여수시 성산6길53-9,061-682-9982
163,명서점,경남,창원시,경남 창원시 의창구 명지로82-11,055-288-9290
164,남면혁신점,경북,김천시,경북 김천시 남면 천동길303-5,054-439-8809
165,구좌점,제주,제주시,제주 제주시 구좌읍 덕행로262-11,064-782-0099
166,구룡포점,경북,포항시,경북 포항시 남구 구룡포읍 구룡포길86,054-276-9985
167,교현안림점,충북,충주시,충북 충주시 연원10길15,043-848-2918
168,고암장락점,충북,제천시,충북 제천시 용두천로378,043-643-5808
169,고성점,경남,고성군,경남 고성군 고성읍 성내로92,055-672-9290
170,창현점,경기,남양주시,경기 남양주시 화도읍 경춘로1922번길13,031-593-9982
171,풍산점,경기,하남시,경기 하남시 신평로168,031-8027-9295
172,송도랜드마크점,인천,연수구,인천 연수구 아트센터대로168번길100,032-831-3834
173,방서지구점,충북,청주시,충북 청주시 상당구 2순환로2031,043-288-9287
174,강서점,충북,청주시,충북 청주시 흥덕구 서현북로 80,043-233-5444
175,용암점,충북,청주시,충북 청주시 상당구 월평로203,043-295-1112
176,대흥대사점,대전,중구,대전 중구 충무로 73,042-254-9942
177,고덕좌교점,경기,평택시,경기 평택시 고덕국제5로160,031-662-9982
178,시흥시청점,경기,시흥시,경기 시흥시 시청로72번길15-3,031-318-9946
179,고척점,서울,구로구,서울 구로구 경인로35길49,02-2619-6625
180,우산점,강원,원주시,강원 원주시 우산초교길58,033-733-1217
181,월평점,대전,서구,대전 서구 월평중로50,042-486-9536
182,백운역점,인천,부평구,인천 부평구 마장로36번길26,032-501-9282
183,가평북면점,경기,가평군,경기 가평군 북면 화악산로 11,031-582-7114
184,옥정점,경기,양주시,"경기 양주시 새터로 21-10 , 102호",031-862-9902
185,자양점,서울,광진구,서울 광진구 뚝섬로55길22,02-455-8292
186,천호점,서울,강동구,서울 강동구 천중로72,02-474-4467
187,오창1산단점,충북,청주시,충북 청주시 청원구 오창읍 오창중앙로 123-12,043-212-0215
188,포남점,강원,강릉시,강원 강릉시 성덕포남로153번길15,033-648-5847
189,나성점,세종,나성북1로23,세종 나성북1로23,044-863-8333
190,신양점,충남,예산군,충남 예산군 신양면 청신로 386,041-333-5200
191,성연점,충남,서산시,충남 서산시 성연면 성연3로 76,041-664-8884
192,중문점,제주,서귀포시,제주 서귀포시 천제연로207번길10,064-805-6979
193,성남점,경기,성남시,경기 성남시 수정구 성남대로1180번길5-1,031-754-3384
194,동탄점,경기,화성시,경기 화성시 동탄반송3길8,031-8003-9923
195,관평점,대전,유성구,대전 유성구 관평1로15,042-934-3840
196,부산명륜점,부산,동래구,부산 동래구 시실로49,051-558-7779
197,백운호수점,경기,의왕시,경기 의왕시 백운중앙로99,031-344-9292
198,고양점,경기,고양시,경기 고양시 덕양구 호국로1771,031-969-4777
199,당하점,인천,서구,인천 서구 청마로167번안길17,032-566-9295
200,정발산점,경기,고양시,경기 고양시 일산동구 산두로273번길47-6,031-922-5777
201,석수예술공원점,경기,안양시,경기 안양시 만안구 경수대로1203,031-472-4708
202,울산호계점,울산,북구,울산 북구 동대1길18,052-297-5492
203,쌍용점,충남,천안시,충남 천안시 서북구 월봉로 132 타워프라자 1층 113호,041-901-8966
204,퇴촌점,경기,광주시,경기 광주시 퇴촌면 광동로97,031-766-5633
205,청라호수공원점,인천,서구,인천 서구 크리스탈로102번길 22,032-569-0494
206,귤현점,인천,계양구,인천 계양구 양지로131,032-554-0333
207,문산당동점,경기,파주시,경기 파주시 문산읍 당동1로 52,031-953-5592
208,길음뉴타운점,서울,성북구,"서울 성북구 숭인로 10, 1층(길음동)",02-981-8292
209,금촌2호점,경기,파주시,"경기 파주시 송화로 13 , 169동 113호",031-941-9289
210,현대캠퍼스몰점,경기,남양주시,경기 남양주시 다산순환로 20,031-869-3392
211,반지점,경남,창원시,경남 창원시 성산구 반지로32번길 19,055-237-9293
212,동읍점,경남,창원시,경남 창원시 의창구 동읍 용잠로 34,055-295-7999
213,정평점,경북,경산시,경북 경산시 대학로 64,053-816-2289
214,산격점,대구,북구,대구 북구 대동로1길 23,053-955-9998
215,매천점,대구,북구,대구 북구 매전로 50-10,053-322-4860
216,고산점,대구,수성구,대구 수성구 달구벌대로641길 23,053-795-0999
217,봉화점,경북,봉화군,경북 봉화군 봉화읍 내성로1길 45-1,054-674-4401
218,장성점,전남,장성군,전남 장성군 장성읍 영천로 133-2,061-393-9289
219,미장점,전북,군산시,전북 군산시 미장남로 36,063-468-9282
220,청당청수점,충남,천안시,충남 천안시 동남구 풍세로 932,041-567-4241
221,계룡대점,충남,계룡시,충남 계룡시 신도안면 신도안1길 61,042-551-9298
222,노원역점,서울,노원구,서울 노원구 동일로 1456,02-932-8288
223,가락점,서울,송파구,서울 송파구 송이로17길 54-27,02-400-7711
224,당수점,경기,수원시,경기 수원시 권선구 당진로15번길 56,031-501-9151
225,수원역점,경기,수원시,경기 수원시 팔달구 매산로52번길 16,031-233-7282
226,과천점,경기,과천시,경기 과천시 별양로12,02-504-2560
227,고양장항점,경기,고양시,"경기 고양시 일산동구 정발산로 24 , 1층 A-113호(장항동,웨스턴돔1)",031-905-5777
228,쌍문1점,서울,도봉구,"서울 도봉구 우이천로 330, 상가동 1층 102,103호(쌍문동, 삼성래미안)",02-900-8292
229,시흥점,서울,금천구,서울 금천구 독산로14,02-808-8178
230,검단아라점,인천,서구,인천 서구 이음5로 39,032-561-9088
231,향동점,경기,고양시,경기 고양시 덕양구 꽃내음2길 68,02-3159-9289
232,봉담2점,경기,화성시,경기 화성시 봉담읍 매봉로478,031-293-7999
233,낙성대점,서울,관악구,서울 관악구 남부순환로248길 57,02-876-0226
234,간석점,인천,남동구,인천 남동구 경인로 611,032-716-9233
235,물금남양산점,경남,양산시,경남 양산시 물금읍 범어로 102,055-383-9282
236,주엽점,경기,고양시,경기 고양시 일산서구 주화로 42,031-917-7992
237,운정1호점,경기,파주시,경기 파주시 동패로63번길 48-29 102호,031-942-5282
238,신동백점,경기,용인시,경기 용인시 기흥구 언동로217번길 8,031-285-5885
239,용인역삼점,경기,용인시,경기 용인시 처인구 지삼로 590번길 10-3,031-328-8855
240,반월점,경기,안산시,경기 안산시 상록구 건건로 93,031-438-5003
241,가능점,경기,의정부시,경기 의정부시 호국로 1135,031-875-9282
242,망우점,서울,중랑구,서울 중랑구 용마산로109길 24,02-494-7878
243,용강점,경북,경주시,경북 경주시 승삼3길 18-1,054-777-4262
244,청천점,인천,부평구,인천 부평구 평천로 115번길 12,032-512-8882
245,조암점,경기,화성시,경기 화성시 우정읍 조암북로 67번길 6-12,031-351-8986
246,구서점,부산,금정구,"부산 금정구 금샘로 262, 216동 104호(구서동, 쌍용예가 2단지)",051-516-7773
247,야당점,경기,파주시,"경기 파주시 경의로1004번길 37 , 롯데프라자 102호",031-941-9288
248,침산점,대구,북구,대구 북구 침산동 456-7,053-356-9909
249,국가산단점,대구,달성군,대구 달성군 구지면 국가산단대로 66길 29,053-615-2234
250,가음점,경남,창원시,경남 창원시 성산구 대정로40번길 7,055-262-7822
251,유니시티점,경남,창원시,경남 창원시 의창구 평산로211번길 18,055-255-9981
252,통영1점,경남,통영시,경남 통영시 광도면 죽림2로 76-95,055-649-5222
253,남해동천점,경남,남해군,경남 남해군 삼동면 동부대로 1235,055-867-7273
254,대원점,경남,창원시,경남 창원시 성산구 창원대로 548,055-237-8999
255,광석동점,경북,안동시,경북 안동시 대석2길 3,054-854-8288
256,포항송도점,경북,포항시,경북 포항시 남구 송림로 16,054-255-9929
257,문덕점,경북,포항시,경북 포항시 남구 오천읍 냉천로 302번길 43,054-292-1128
258,거문도점,전남,여수시,전남 여수시 삼산면 삼호교길 2,061-665-9282
259,나주점,전남,나주시,전남 나주시 나주천2길 72,061-332-9281
260,중화서신점,전북,전주시,전북 전주시 완산구 효자로 329,063-286-9282
261,정읍상동점,전북,정읍시,전북 정읍시 상동중앙로 2,063-536-9281
262,법동점,대전,대덕구,대전 대덕구 계족로663번길 29-18,042-633-9285
263,서산예천점,충남,서산시,충남 서산시 동서1로 174,041-667-0502
264,아산중앙점,충남,아산시,충남 아산시 시민로 258번길 3-3,041-545-6454
265,충북혁신도시점,충북,진천군,충북 진천군 덕산읍 대하로 114,043-534-8136
266,건대화양점,서울,광진구,서울 광진구 능동로13길44,02-464-7792
267,청전점,충북,제천시,"충북 제천시 내제로 25길 6-1, 1층(청전동)",043-643-0478
268,주문진점,강원,강릉시,강원 강릉시 주문진읍 연주로 321,033-661-3744
269,송림재능대점,인천,동구,인천 동구 새천년로 38번길 11,032-772-1157
270,불로점,인천,서구,인천 서구 검단로 759,032-567-4579
271,공업탑점,울산,남구,울산 남구 수암로 12,051-267-8592
272,안양2점,경기,안양시,경기 안양시 만안구 박달로 542번길 24,031-447-9292
273,고덕국제점,경기,평택시,경기 평택시 고덕국제4길54,031-667-8972
274,영통점,경기,수원시,경기 수원시 영통구 청명로 69,031-202-9966
275,녹양점,경기,의정부시,경기 의정부시 녹양로 79,031-875-9982
276,송도센트럴점,인천,연수구,인천 연수구 하모니로 188번길 17,032-831-8980
277,은계지구점,경기,시흥시,경기 시흥시 은계호수로 49,031-315-5818
278,다산진건1호점,경기,남양주시,경기 남양주시 다산순환로  325,031-567-9282
279,당왕동점,경기,안성시,경기 안성시 고수2로 70,070-7543-7593
280,월곡역점,서울,성북구,서울 성북구 화랑로5길 4,02-941-9982
281,이태원역점,서울,용산구,서울 용산구 우사단로10길 28,02-792-8292
282,남항점,부산,영도구,부산 영도구 남항시장길 324,051-418-5255
283,내동점,경남,김해시,경남 김해시 금관대로 1365번길 4-21,055-335-9233
284,홍대점,서울,마포구,서울 마포구 와우산로 23,02-333-9282
285,문형점,경기,광주시,경기 광주시 오포읍 오포로 447,031-768-8640
286,화봉점,울산,북구,울산 북구 상방로 78,052-283-1700
287,안동송현점,경북,안동시,경북 안동시 합전2길 19,054-854-9982
288,안동옥동점,경북,안동시,경북 안동시 복주1길 5,054-854-1377
289,목천점,충남,천안시,충남 천안시 동남구 목천읍 목천안터2길 10,041-555-6211
290,신기점,전남,여수시,전남 여수시 신기남4길 14,061-691-8292
291,케이준 덕풍점,경기,하남시,경기 하남시 하남대로861번길 5,031-791-7942
292,해운대점,부산,해운대구,부산 해운대구 해운대해변로209번길26,051-744-9004
293,시청점,부산,연제구,부산 연제구 연제로 3,051-851-8292
294,압량점,경북,경산시,경북 경산시 청운2로 74,053-802-9985
295,축산점,경북,영덕군,경북 영덕군 축산면 축산항길 15,054-734-7377
296,평리점,대구,서구,대구 서구 통학로 85-2,053-566-5222
297,임당점,경북,경산시,경북 경산시 남매공원로2길35,053-802-7277
298,칠곡가산점,경북,칠곡군,경북 칠곡군 가산면 경북대로1558,054-971-8111
299,당진송산점,충남,당진시,충남 당진시 송산면 서정9길 12,041-355-8884
300,당진CGV점,충남,당진시,충남 당진시 북문로1길 41-12,041-358-3904
301,탕정점,충남,아산시,충남 아산시 탕정면 탕정면로8번길 93-3,041-548-9997
302,사창점,충북,청주시,충북 청주시 서원구 창직로 17-1,043-903-5443
303,성화점,충북,청주시,충북 청주시 서원구 신화로 39,043-234-8989
304,태안점,충남,태안군,충남 태안군 태안읍 군청7길 31,041-675-0831
305,청양점,충남,청양군,충남 청양군 청양읍 칠갑산로 2길 13,041-944-0025
306,지웰점,충북,청주시,충북 청주시 흥덕구 대신로73번길 86-1,070-7622-5999
307,종촌점,세종,도움1로,세종 도움1로 106,044-866-2332
308,조치원점,세종,조치원읍,세종 조치원읍 행복길20,044-862-9399
309,장항점,충남,서천군,충남 서천군 장항읍 신창서로51,041-956-6035
310,옥산점,충북,청주시,충북 청주시 흥덕구 옥산면 옥산시내1길 49,043-266-8292
311,연무대점,충남,논산시,충남 논산시 연무읍 연무로 189,041-742-0323
312,안서점,충남,천안시,충남 천안시 동남구 상명대길32,041-562-3111
313,신불당점,충남,천안시,충남 천안시 서북구 불당동 1548,041-569-2992
314,신방청당점,충남,천안시,충남 천안시 동남구 풍세로 810,041-571-9922
315,산남점,충북,청주시,충북 청주시 서원구 산남동 498,043-298-7771
316,분평점,충북,청주시,충북 청주시 분평동 249-6,043-291-9996
317,보은점,충북,보은군,충북 보은군 보은읍 삼산남로 20,043-543-2202
318,보람시청점,세종,호려울로,세종 호려울로 19,044-862-9289
319,만년점,대전,서구,대전 서구 만년남로3번길 1,042-489-9282
320,둔포점,충남,아산시,충남 아산시 둔포면 아산밸리중앙로47,041-534-7776
321,보령동대점,충남,보령시,충남 보령시 주공로25,041-934-4073
322,도담어진점,세종,보듬4로,세종 보듬4로 9,044-867-9287
323,보령대천해수욕장점,충남,보령시,충남 보령시 머드로 141,041- 933 - 2288
324,노은반석점,대전,유성구,대전 유성구 지족로148번길 9,042-822-9958
325,내포점,충남,홍성군,충남 홍성군 홍북읍 자경로 17,041-634-2500
326,내덕청대점,충북,청주시,충북 청주시 청원구 안덕벌로49번길 6,043-222-5777
327,기지시점,충남,당진시,충남 당진시 송악읍 반촌로 98-4,041-352-1211
328,관저사랑점,대전,서구,대전 서구 관저남로25번길 8-8,042-543-0072
329,가장내동점,대전,서구,대전 서구 가장동53-1번지,042-525-5881
330,가오점,대전,동구,대전 동구 대전로 437,042-283-9001
331,강릉교동점,강원,강릉시,강원 강릉시 지변동 285-21,033-642-5582
332,화순점,전남,화순군,전남 화순군 화순읍 쌍충로 12-1,061-371-9282
333,진월점,광주,남구,광주 남구 금당로 78,062-674-9282
334,웅천점,전남,여수시,전남 여수시 웅천로 261,061-691-8599
335,어양점,전북,익산시,전북 익산시 하나로10길 13,063-831-9280
336,부안점,전북,부안군,전북 부안군 부안읍 오리정로172-1,063-583-8892
337,가호점,경남,진주시,경남 진주시 호탄길21번길 10-2,055-762-9797
338,함양점,경남,함양군,경남 함양군 함양읍 교산3길 3,055-962-9200
339,창원호계점,경남,창원시,경남 창원시 마산회원구 내서읍 광려천북로 184-1,055-231-8293
340,현동점,경남,창원시,경남 창원시 마산합포구 현동6길 18,055-224-4780
341,초전점,경남,진주시,경남 진주시 초전북로 61번길 15-15,055-741-9280
342,양덕점,경남,창원시,경남 창원시 마산회원구 양덕남7길 13,055-298-9292
343,신원점,경남,거창군,경남 거창군 신원면 신차로 3062,055-944-9192
344,회원2동교방점,경남,창원시,경남 창원시 마산회원구 회원남로 14,055-245-5092
345,문동점,경남,거제시,경남 거제시 거제중앙로 1537,055-636-9290
346,도동점,경남,진주시,경남 진주시 도동로 240번길 10,055-762-1990
347,금남점,경남,하동군,경남 하동군 금남면 섬진강대로 972,055-882-9696
348,신동의림점,강원,정선군,강원 정선군 신동읍 의림로243-1,033-378-7892
349,무안점,경남,밀양시,경남 밀양시 무안면 사명로503,055-353-9929
350,북평점,강원,동해시,강원 동해시 오일장길 7,033-522-4999
351,함덕점,제주,제주시,제주 제주시 조천읍 함덕남16길 108,064-782-3383
352,고덕점,서울,강동구,서울 강동구 아리수로74길 35-23,02-6082-3336
353,사당2점,서울,동작구,서울 동작구 동작대로29나길 30,02-535-9992
354,울산남창점,울산,울주군,울산 울주군 온양읍 솔밭1길 23-5,052-237-8292
355,남구청현대점,부산,남구,부산 남구 문현로 63,051-637-9992
356,광안해변점,부산,수영구,부산 수영구 수영로 506,051-757-6768
357,명학역점,경기,안양시,경기 안양시 만안구 안양로 96,031-465-0211
358,금촌점,경기,파주시,경기 파주시 황골로 15,031-945-9199
359,천상점,울산,울주군,울산 울주군 범서읍 천상1길 18,052-245-6645
360,영주점,부산,중구,부산 중구 중구로 64,051-466-9995
361,중랑역점,서울,중랑구,서울 중랑구 중랑천로 117,02-432-8999
362,은평뉴타운점,서울,은평구,서울 은평구 진관3로 67,02-383-8292
363,신당점,서울,중구,서울 중구 퇴계로74길 21-5,02-2231-5460
364,용곡점,충남,천안시,충남 천안시 동남구 용곡5길 39-4,041-592-9292
365,정왕1호점,경기,시흥시,경기 시흥시 정왕대로233번안길 3-4,031-431-3336
366,심곡본점,경기,부천시,경기 부천시 경인로 190,032-661-9985
367,영화점,경기,수원시,경기 수원시 장안구 수성로364번길 15,031-241-0777
368,답십리점,서울,동대문구,서울 동대문구 서울시립대로4길 27,02-3390-9848
369,이동석동점,경남,창원시,경남 창원시 진해구 이동로38번길 9,055-551-9299
370,송현점,인천,동구,인천 동구 수문통로 35,032-777-7734
371,금당점,전남,순천시,"전남 순천시 조례못등길 85, 1층",061-722-9282
372,원주기업도시점,강원,원주시,강원 원주시 무릉로39,033-744-7161
373,신례원점,충남,예산군,충남 예산군 예산읍 창신로 67,041-334-8989
374,오학점,경기,여주시,경기 여주시 현암3길 16,031-885-9259
375,내발산점,서울,강서구,서울 강서구 우장산로 19,02-3664-4820
376,월영경대점,경남,창원시,경남 창원시 마산합포구 월영북16길 19,055-247-9292
377,오창2산단점,충북,청주시,충북 청주시 청원구 오창읍 주성1길 12,043-215-7575
378,망포점,경기,수원시,경기 수원시 영통구 영통로 153번길 6,031-205-1002
379,고강점,경기,부천시,경기 부천시 수주로 21-1,032-682-9222
380,청라2점,인천,서구,인천 서구 솔빛로 55,032-561-5616
381,복정점,경기,성남시,경기 성남시 수정구 복정로 92-1,031-759-0680
382,중앙역점,경기,안산시,경기 안산시 단원구 광덕3로 243,031-401-8999
383,덕포점,부산,사상구,부산 사상구 사상로342번길 40,051-301-5900
384,마곡점,서울,강서구,서울 강서구 마곡중앙4로 22,02-6956-7792
385,남해고현점,경남,남해군,경남 남해군 고현면 탑동로 54,055-863-0920
386,창선점,경남,남해군,경남 남해군 창선면 창선로 107-1,055-867-6000
387,동금점,경남,사천시,경남 사천시 중앙로 81-1,055-835-2281
388,사천점,경남,사천시,경남 사천시 사천읍 평화2길 38,055-853-9282
389,감계점,경남,창원시,경남 창원시 의창구 북면 동전로 15,055-293-7877
390,남양주양지점,경기,남양주시,경기 남양주시 오남읍 진건오남로797번길 28,031-573-9282
391,신사점,서울,은평구,서울 은평구 신사동 40-6,02-304-7770
392,중곡역점,서울,광진구,서울 광진구 긴고랑로 5,02-3409-8292
393,응암점,서울,은평구,서울 은평구 백련산로 36,02-303-8295
394,돈암점,서울,성북구,서울 성북구 아리랑로6길 4,02-6489-0101
395,내이점,경남,밀양시,경남 밀양시 북성로4길 16,055-356-9989
396,남지점,경남,창녕군,경남 창녕군 남지읍 남지중앙로 90,055-536-7333
397,신호동점,부산,강서구,부산 강서구 신호산단3로 66,051-831-0318
398,율하2지구점,경남,김해시,경남 김해시 율하로 479-1,055-327-1811
399,남부동점,경남,양산시,경남 양산시 남부동 605-1번지 106호,055-383-9133
400,세곡점,서울,강남구,서울 강남구 헌릉로571길 7,02-451-8989
401,구산점,경남,김해시,경남 김해시 구산동 1083-7번지,055-336-4366
402,예산점,충남,예산군,충남 예산군 예산읍 벚꽃로 155번길 43,041-335-7277
403,장덕점,광주,광산구,"광주 광산구 장덕로39번길 14, 1층(장덕동)",062-961-9281
404,광주운남점,광주,광산구,"광주 광산구 목련로 273번안길 43, 2층(운남동)",062-716-9282
405,전대점,광주,북구,"광주 북구 우치로 100번길 3-2, 1층(용봉동)",062-262-9280
406,옥정2호점,경기,양주시,경기 양주시 옥정동로5나길 119,031-858-9901
407,전주혁신점,전북,전주시,전북 전주시 덕진구 중동 오정2길3,063-222-9283
408,석전점,경남,창원시,경남 창원시 마산회원구 석전북2길 43,055-253-3138
409,등촌점,서울,강서구,서울 강서구 양천로 400-12,02-6967-1799
410,북정점,경남,양산시,경남 양산시 북정중앙로 37,055-381-7792
411,성안점,울산,중구,울산 중구 함월22길 25,052-246-0370
412,반송점,부산,해운대구,부산 해운대구 반송로924번길15,051-545-7292
413,한림점,제주,제주시,제주 제주시 한림읍 한림상로 204,064-796-9984
414,동구서부점,울산,동구,울산 동구 명덕3길 6,052-232-6625
415,양주대동상가점,경남,양산시,경남 양산시 양주로 156,055-382-2662
416,전포동성점,부산,부산진구,부산 부산진구 동성로30,051-804-2003
417,물금가촌점,경남,양산시,경남 양산시 물금읍 물금로 57,055-385-9982
418,난곡점,서울,관악구,서울 관악구 난우길 47,02-6952-9990
419,풍덕천점,경기,용인시,경기 용인시 수지구 풍덕천로160번길 5-1,031-262-9995
420,월피점,경기,안산시,경기 안산시 상록구 예술대학로224,031-411-5799
421,동탄목동점,경기,화성시,경기 화성시 동탄순환대로20길 70,031-8077-9696
422,김화점,강원,철원군,강원 철원군 김화읍 김화로 635,033-458-5072
423,지금점,경기,남양주시,경기 남양주시 다산지금로 124-82,031-553-2597
424,운정2호점,경기,파주시,경기 파주시 산내로104번길 14-8,031-941-9233
425,덕소점,경기,남양주시,경기 남양주시 와부읍 덕소로 177,031-577-9977
426,고색점,경기,수원시,경기 수원시 권선구 매송고색로727,031-308-2400
427,수성점,대구,수성구,대구 수성구 수성로53길 20,053-768-5222
428,석수점,경기,안양시,경기 안양시 만안구 석천로 168,031-471-2959
429,운정3호점,경기,파주시,경기 파주시 가람로 51번길 26-30,031-941-9282
430,교문점,경기,구리시,경기 구리시 이문안로 9-1,031-566-9812
431,구기점,경남,밀양시,경남 밀양시 청도면 청도로 111,055-352-9994
432,대구송현점,대구,달서구,대구 달서구 송현로 103,053-631-2338
433,세천점,대구,달성군,대구 달성군 다사읍 세천로10길 15-7,053-584-9995
434,하양점,경북,경산시,경북 경산시 하양읍 아낙고개길4-1,053-851-7599
435,광명1호점,경기,광명시,경기 광명시 오리로 1023,02-2688-7272
436,흑석점,서울,동작구,서울 동작구 현충로52,02-824-9001
437,서석점,강원,홍천군,강원 홍천군 서석면 구룡령로 2532,033-433-4437
438,하계점,서울,노원구,서울 노원구 공릉로58길 176,02-948-4500
439,구의광장점,서울,광진구,서울 광진구 광나루로 545,02-444-9238
440,독립문점,서울,종로구,서울 종로구 사직로 11,02-730-2690
441,광운대점,서울,성북구,서울 성북구 장위로 49길 1-1,02-913-1292
442,양곡점,경기,김포시,경기 김포시 양촌읍 양곡2로30번길 7-23,031-8049-7122
443,고덕1호점,경기,평택시,경기 평택시 고덕여염 11길114,031-665-9285
444,삼양점,서울,강북구,서울 강북구 삼양로54길 7,02-986-6337
445,동서변점,대구,북구,대구 북구 환성정길7,053-285-4005
446,울릉도점,경북,울릉군,경북 울릉군 울릉읍 울릉순환로 212-21,054-791-6569
447,하단가락타운점,부산,사하구,부산 사하구 동매로 35,051-206-6108
448,상남점,경남,창원시,경남 창원시 성산구 상남로 107,055-262-0426
449,중앙여좌점,경남,창원시,경남 창원시 진해구 중원로 10,055-543-2474
450,모라점,부산,사상구,부산 사상구 백양대로 906,051-312-9279
451,동남지구점,충북,청주시,충북 청주시 상당구 중고개로 104,043-291-7773
452,치평점,광주,서구,광주 서구 상무대로 739,062-385-9282
453,상주점,경남,남해군,경남 남해군 상주면 남해대로 696,055-863-4743
454,관산내유점,경기,고양시,경기 고양시 덕양구 동헌로 3번길 3,031-964-9989
455,구월아시아드점,인천,남동구,인천 남동구 구월동 1542-2,032-471-9282
456,동천점,경기,용인시,경기 용인시 수지구 수풍로 117번길 2-6,031-261-4777
457,인천도화점,인천,미추홀구,인천 미추홀구 숙골로 116,032-872-8892
458,위례역점,경기,성남시,경기 성남시 수정구 위례광장로 27,031-756-6888
459,매곡삼각점,광주,북구,광주 북구 매곡로 63(매곡동),062-573-9282
460,염주점,광주,서구,광주 서구 염화로40번길20-1,062-225-9282
461,서판교점,경기,성남시,경기 성남시 분당구 운중로 129,070-4242-5566
462,송파장지점,서울,송파구,서울 송파구 새말로6길 24-33,02-407-6699
463,서귀포신시가지점,제주,서귀포시,제주 서귀포시 김정문화로41번길 24-5,064-739-9279
464,오목교점,서울,양천구,서울 양천구 은행정로19가길 8,02-2645-9982
465,팽성점,경기,평택시,경기 평택시 팽성읍 안정순환로 142,031-651-9939
466,울산성남점,울산,중구,울산 중구 중앙길 118,052-245-7245
467,호평점,경기,남양주시,"경기 남양주시 늘을2로 96, 호평마을대주파크빌 상가 109호",031-591-9285
468,죽도점,경북,포항시,경북 포항시 북구 대해로 15,054-281-5001
469,금장현곡점,경북,경주시,경북 경주시 현곡면 금장5길 34-15,054-772-9909
470,관음점,대구,북구,대구 북구 칠곡중앙대로 429,053-314-7811
471,이곡신당점,대구,달서구,대구 달서구 선원로37길 20,053-582-9282
472,유강점,경북,포항시,경북 포항시 남구 연일읍 유강길 17,054-277-5995
473,봉덕점,대구,남구,대구 남구 봉덕로21길 53-3,053-471-8249
474,동탄새강마을점,경기,화성시,경기 화성시 반송동 155-6,031-8003-9995
475,평택용이점,경기,평택시,경기 평택시 용이동 452-20,031-655-8919
476,구영점,울산,울주군,울산 울주군 범서읍 798-1,052-212-9211
477,오송점,충북,청주시,충북 청주시 흥덕구 오송읍 만수리 546,043-235-8292
478,외도하귀점,제주,제주시,"제주 제주시 우령서로 16, 1층",064-744-3404
479,연수2점,인천,연수구,인천 연수구 샘말로 87번길 7-6,032-811-6062
480,곤지암점,경기,광주시,경기 광주시 곤지암읍 평촌길 35-11,031-763-7856
481,강상점,경기,양평군,경기 양평군 강상면 강남로 913번길 1,031-771-3199
482,고양중산점,경기,고양시,경기 고양시 일산동구 탄중로 311-16,031-915-0813
483,장곡점,경기,시흥시,경기 시흥시 장곡로 49번길 5-1,031-506-0232
484,주촌신도시점,경남,김해시,경남 김해시 주촌면 선천남로 13,055-329-9990
485,제천본점,충북,제천시,충북 제천시 강제동 818번지 1층,043-648-0555
486,대연혁신점,부산,남구,부산 남구 수영로325번길 61,051-626-8114
487,연세흥업점,강원,원주시,강원 원주시 흥업면 안밤골길10,033-763-0562
488,백령도점,인천,옹진군,인천 옹진군 백령면664-7,032-836-8282
489,금암점,충남,계룡시,충남 계룡시 장안1길 6 101호,042-551-1666
490,광주금호점,광주,서구,광주 서구 금화로73번길 18-9 1층(금호동),062-372-9281
491,옥길점,경기,부천시,경기 부천시 옥길동 715-6,032-343-9293
492,도당점,경기,부천시,경기 부천시 도당동43-8,032-671-0042
493,봉양점,충북,제천시,충북 제천시 제원로 2길 7,043-644-9592
494,세류점,경기,수원시,경기 수원시 권선구 세지로80,031-898-7444
495,도남시청점,제주,제주시,제주 제주시 신성로 19,064-727-1001
496,고운점,세종,고운서길,세종 고운서길 10,044-868-9592
497,소담점,세종,국책연구원1로,세종 국책연구원1로 15,044-864-9282
498,고촌점,경기,김포시,경기 김포시 고촌읍 신곡리1160,031-996-8974
499,무실점,강원,원주시,강원 원주시 시청로 11,033-743-9292
500,첨단점,광주,광산구,광주 광산구 첨단내촌로 66,062-973-9291
501,장흥점,전남,장흥군,전남 장흥군 장흥읍 동교로 40,061-862-8999
502,동산반월점,전북,전주시,전북 전주시 덕진구 쪽구름로 128(반월동),063-213-9280
503,송천점,전북,전주시,"전북 전주시 덕진구 붓내1길 10, 208동 2층 204(송천동2가)",063-273-9282
504,인후점,전북,전주시,"전북 전주시 덕진구 거북바우로 148, 1층(인후동2가)",063-245-9288
505,제주아라점,제주,제주시,제주 제주시 아란8길 16,064-724-3303
506,호암점,충북,충주시,충북 충주시 호암동1216,043-853-7001
507,신월점,서울,양천구,서울 양천구 화곡로3길 3,02-2604-9978
508,창전점,경기,이천시,경기 이천시 창전동451-28,031-631-4950
509,평화점,전북,전주시,전북 전주시 완산구 평화18길 23-10,063-221-9232
510,신시가지점,전북,전주시,전북 전주시 완산구 후곡길 23-9,063-222-9288
511,나주혁신점,전남,나주시,전남 나주시 배멧2길 39 로데오 빌딩 101호,061-336-9281
512,보성점,전남,보성군,전남 보성군 보성읍 주봉리 398,061-853-8592
513,서충주기업도시점,충북,충주시,충북 충주시 중앙탑면 원앙 9길 10 C동 1층 109호 (코아루 더 테라스상가),043-845-1030
514,단양점,충북,단양군,충북 단양군 단양읍 상진 13길 11,043-421-1236
515,공주신관점,충남,공주시,충남 공주시 신금2길 17,041-853-9285
516,민락코스트코점,경기,의정부시,"경기 의정부시 용민로 469 , 107호",031-851-5592
517,묵현점,경기,남양주시,경기 남양주시 화도읍 먹갓로 28번길 5,031-595-0081
518,사동계양점,경북,경산시,경북 경산시 원효로32길 10,053-813-4089
519,국우점,대구,북구,대구 북구 학남로 99,053-322-0099
520,용흥점,경북,포항시,경북 포항시 북구 새마을로 88,054-253-9979
521,경주동천점,경북,경주시,경북 경주시 대안길 39-2,054-745-3379
522,호미지구점,충북,청주시,충북 청주시 상당구 수영로360,043-295-6600
523,광주장지점,경기,광주시,경기 광주시 순암로55,031-767-0522
524,영등포점,서울,영등포구,서울 영등포구 영등포동7가 203,02-2675-7377
525,한숲시티점,경기,용인시,경기 용인시 처인구 남사면 한숲로 45,031-335-6661
526,능곡토당점,경기,고양시,경기 고양시 덕양구 토당로125,031-971-0311
527,평택역점,경기,평택시,경기 평택시 평택3로40,031-652-9285
528,서귀포점,제주,서귀포시,제주 서귀포시 이중섭로 11,064-763-9982
529,제주삼양점,제주,제주시,제주 제주시 일주동로 378,064-727-9991
530,용담삼도점,제주,제주시,제주 제주시 용문로 162,064-712-5006
531,범일점,부산,동구,부산 동구 범상로 23,051-636-1923
532,성내점,서울,강동구,서울 강동구 성내동 434-6,02-482-9992
533,서면1호점,부산,부산진구,부산 부산진구 새싹로 41-1,051-802-9250
534,세마점,경기,오산시,경기 오산시 양산동 673-3,031-373-9212
535,일도점,제주,제주시,제주 제주시 일도2동 402-26,064-723-7075
536,성성점,충남,천안시,충남 천안시 서북구 성성9로 7,041-621-1117
537,생초점,경남,산청군,경남 산청군 생초면 새실로3,055-973-7702
538,서산시청점,충남,서산시,충남 서산시 고운로142,041-668-1788
539,원당점,인천,서구,인천 서구 고산후로121번길 15,032-562-4555
540,상암점,서울,마포구,서울 마포구 성암로79,02-374-9374
541,파장점,경기,수원시,경기 수원시 장안구 파장천로 6,031-245-8818
542,중산점,울산,북구,울산 북구 중산로 7,052-291-3005
543,충북청천점,충북,괴산군,충북 괴산군 청천면 청천2길 5,043-832-1986
544,상도터미널점,경북,포항시,경북 포항시 남구 중흥로100번길 10,054-262-5001
545,노형점,제주,제주시,제주 제주시 다랑곶2길44,064-742-3330
546,까치산점,서울,강서구,서울 강서구 강서로17길 35,02-2696-1226
547,북아현점,서울,서대문구,서울 서대문구 경기대로9길 81,02-364-9282
548,홍제점,서울,서대문구,서울 서대문구 통일로39가길 57,02-396-2560
549,안암점,서울,성북구,서울 성북구 고려대로13길 43,02-929-2975
550,상계점,서울,노원구,서울 노원구 상계로23다길 5,02-951-2367
551,증산점,경남,양산시,경남 양산시 물금읍 새실2길 13,055-383-9242
552,경산옥산점,경북,경산시,경북 경산시 성암로7길 8,053-812-9211
553,이동점,경북,포항시,경북 포항시 남구 대이로 145,054-275-2922
554,유천점,대전,중구,대전 중구 계백로 1603번길 28-6,042-523-0077
555,운양점,경기,김포시,경기 김포시 김포한강11로 38,031-987-1089
556,교동점,경기,여주시,경기 여주시 세종로254-16,031-881-3799
557,송도점,부산,서구,부산 서구 충무대로 34,051-241-3066
558,장안점,서울,동대문구,서울 동대문구 답십리로68길 67,02-2217-0011
559,새솔점,경기,화성시,경기 화성시 수노을2로 36,031-355-5190
560,대림동산점,경기,안성시,경기 안성시 공도읍 대림동산길55,031-618-9977
561,강일점,서울,강동구,서울 강동구 강일동 676-1,02-429-8999
562,명지오션시티점,부산,강서구,부산 강서구 명지오션시티10로 114,051-294-0399
563,서대신점,부산,서구,부산 서구 대영로38번길 11,051-246-4988
564,김량장점,경기,용인시,경기 용인시 처인구 김량장동 295-1,031-338-8892
565,내손갈뫼점,경기,의왕시,경기 의왕시 내손동 741-1,031-424-8280
566,고림점,경기,용인시,경기 용인시 처인구 고림동 1005,031-322-9980
567,정관신도시점,부산,기장군,부산 기장군 정관읍 방곡3로 18-1,051-727-7879
568,수원정자점,경기,수원시,경기 수원시 장안구 정자동 874-1,031-269-1001
569,등촌역점,서울,양천구,서울 양천구 목동 960,02-2644-2929
570,포승점,경기,평택시,경기 평택시 포승읍 여술로74,031-682-6564
571,인천논현2점,인천,남동구,인천 남동구 논현동 593-8,032-427-5585
572,충무로점,서울,중구,서울 중구 퇴계로 179-1,02-2285-3685
573,창우점,경기,하남시,경기 하남시 대청로119-1,031-795-9253
574,미사역점,경기,하남시,경기 하남시 미사강변중앙로173,031-792-9394
575,횡성점,강원,횡성군,강원 횡성군 횡성읍 읍마북로 13,033-343-7773
576,영월점,강원,영월군,강원 영월군 영월읍 은행나무5길 41,033-372-9333
577,반곡혁신점,강원,원주시,강원 원주시 양지로 160-2,033-746-0909
578,문막점,강원,원주시,강원 원주시 문막읍 문막시장1길 35,033-735-9860
579,케이준 원곡점,경기,안산시,경기 안산시 단원구 지곡로1안길 12,031-654-9220
580,오포점,경기,광주시,경기 광주시 오포읍 양벌로 315,031-765-9989
581,케이준 부천상동점,경기,부천시,경기 부천시 상동 559-3,032-321-9282
582,본오점,경기,안산시,경기 안산시 상록구 충장로3길11,031-437-8887
583,동백점,경기,용인시,경기 용인시 기흥구 동백3로 11번길 12,031-274-9299
584,초월점,경기,광주시,경기 광주시 초월읍 대쌍령리 191-6,031-766-1578
585,오천점,경기,이천시,경기 이천시 마장면 오천리 297-5,031-632-4543
586,안산사동점,경기,안산시,경기 안산시 상록구 사동 1397-1,031-416-9982
587,연산점,부산,연제구,부산 연제구 월드컵대로 109,051-852-8292
588,약대점,경기,부천시,경기 부천시 약대동 216-1,032-321-9289
589,삼정점,경남,김해시,경남 김해시 활천로 36번길 46,055-331-5533
590,역곡점,경기,부천시,경기 부천시 안곡로 279번길 42,032-347-9288
591,운서점,인천,중구,인천 중구 신도시남로 66,032-751-0070
592,왕십리점,서울,성동구,서울 성동구 마장로23길 7,02-6084-9283
593,이문점,서울,동대문구,서울 동대문구 신이문로23길 23,02-964-0132
594,독산2점,서울,금천구,서울 금천구 시흥대로 90길 32-8,02-892-7770
595,두호점,경북,포항시,경북 포항시 북구 새천년대로1076번길 21,054-251-9933
596,숭의점,인천,미추홀구,인천 미추홀구 장천로 80,032-888-0977
597,오태북삼점,경북,구미시,경북 구미시 금오대로14길 32,054-464-7006
598,갈산점,인천,부평구,인천 부평구 주부토로 172번길 34,032-515-3557
599,갈현점,서울,은평구,서울 은평구 갈현로 236,02-384-7171
600,효창점,서울,용산구,서울 용산구 백범로77길 14,02-703-9271
601,율전점,경기,수원시,경기 수원시 장안구 율전동 360-9,031-295-9282
602,송도2점,인천,연수구,인천 연수구 송도문화로 28번길 28,032-816-7282
603,남원점,전북,남원시,"전북 남원시 용성로 207,상가동1층 114호(도통동)",063-635-9282
604,남외점,울산,중구,울산 중구 남외로 86,052-294-7992
605,울산대점,울산,남구,울산 남구 대학로 94번길 5-3,052-277-2633
606,수암점,울산,남구,울산 남구 수암로115번길 6-1,052-260-1566
607,상록점,경기,안산시,경기 안산시 상록구 서암로4길 20-1,031-406-8300
608,죽전점,경기,용인시,경기 용인시 수지구 현암로76,031-896-8607
609,괴정샘터점,부산,사하구,부산 사하구 낙동대로 233번길 59,051-201-2891
610,월성점,대구,달서구,대구 달서구 월성동 84-5,053-638-8979
611,고잔점,경기,안산시,경기 안산시 단원구 고잔동 696-3,031-439-4114
612,고령덕곡점,경북,고령군,경북 고령군 덕곡면 덕운로 586,054-956-2731
613,대구고성점,대구,북구,대구 북구 고성북로3,053-352-1225
614,화정점,울산,동구,울산 동구 대송8길 31,052-922-4068
615,오산운암점,경기,오산시,경기 오산시 원동로6,031-378-0987
616,와동점,경기,안산시,경기 안산시 단원구 화정천동로2안길 28,031-405-4055
617,대화점,경기,고양시,"경기 고양시 일산서구 강성로 271 (대화동,대화씨티빌 101호)",031-911-3856
618,신주례점,부산,사상구,부산 사상구 백양대로 500번길 1,051-315-9992
619,진주신평점,경남,진주시,"경남 진주시 신평공원길 25번길 8-4,1층",055-741-7979
620,구로점,서울,구로구,서울 구로구 구로중앙로28길 31-7,02-869-9992
621,헬리오시티점,서울,송파구,서울 송파구 가락로16길 2-26,02-423-9281
622,남동탄점,경기,화성시,경기 화성시 동탄대로4길95,031-376-4492
623,명지국제신도시점,부산,강서구,부산 강서구 명지국제5로 14,051-968-7888
624,도원점,대구,달서구,대구 달서구 도원남로56,053-641-0041
625,장산역점,부산,해운대구,부산 해운대구 좌동1331,051-703-0678
626,이천점,경기,이천시,경기 이천시 관고동 12-4,031-633-1823
627,석산점,경남,양산시,경남 양산시 동면 금오7길 24,055-363-9911
628,거제상동점,경남,거제시,경남 거제시 거제중앙로3길 14-2(상동동),055-635-9290
629,소사벌점,경기,평택시,경기 평택시 비전동 1053,031-656-8292
630,동탄중앙점,경기,화성시,경기 화성시 동탄산척로2나길 6-7,031-375-8292
631,항구영일대점,경북,포항시,경북 포항시 북구 아호로 3,054-253-9996
632,반야월점,대구,동구,대구 동구 안심로41길 47,053-964-0797
633,테크노폴리스점,대구,달성군,대구 달성군 유가읍 테크노중앙대로 326-35,053-611-6265
634,비전점,경기,평택시,경기 평택시 중앙로235 (비전동),031-658-9989
635,비산점,경기,안양시,경기 안양시 동안구 평촌대로408 (비산동),031-387-1112
636,부곡점,경기,의왕시,경기 의왕시 삼동 150-16,031-462-9233
637,홍성점,충남,홍성군,충남 홍성군 홍성읍 문화로 74,041-633-9982
638,율량점,충북,청주시,충북 청주시 청원구 율량로190번길19,043-903-0991
639,증평점,충북,증평군,충북 증평군 증평읍 문화로83,043-838-8977
640,송강점,대전,유성구,대전 유성구 구즉로48번길10,042-935-9294
641,다대몰운대점,부산,사하구,"부산 사하구 다대낙조2길 100, 101호(다대동,롯데캐슬몰운대아파트부상가)",051-266-7776
642,옥포돌미점,대구,달성군,대구 달성군 옥포면 돌미상업로2길 26,053-615-9986
643,영양점,경북,영양군,경북 영양군 영양읍 중앙로 111,054-682-1950
644,배곧점,경기,시흥시,경기 시흥시 배곧4로 32-27,031-432-9998
645,광주점,경기,광주시,경기 광주시 송정동111-1,031-761-2274
646,신하점,경기,이천시,경기 이천시 부발읍 신하리 432-15,031-636-8726
647,관양점,경기,안양시,경기 안양시 동안구 관양동 1423,031-425-5211
648,중동점,경기,부천시,경기 부천시 원미구 부흥로 272번길 22,032-611-3888
649,일죽점,경기,안성시,경기 안성시 일죽면 송천리 28-4,031-672-9385
650,인계점,경기,수원시,경기 수원시 팔달구 중부대로 80,031-222-9117
651,이천사동점,경기,이천시,경기 이천시 대월면 사동리 182-2,031-638-9013
652,은행점,경기,시흥시,"경기 시흥시 시흥대로 1074번길 28,106호(은행동, 녹원아파트 상가동)",031-312-9999
653,월곶점,경기,시흥시,경기 시흥시 월곶동 995,031-665-8842
654,우만점,경기,수원시,경기 수원시 팔달구 세지로421번길 37 (우만동),031-256-0903
655,호법점,경기,이천시,경기 이천시 호법면 후안리 267-4,031-632-9949
656,하안8점,경기,광명시,경기 광명시 하안동 260-2 8단지상가 104-2,02-802-4070
657,하안12점,경기,광명시,경기 광명시 하안동 62-4  1층 3호,02-806-5772
658,하안11점,경기,광명시,경기 광명시 하안동 30-5  10 단지상가  104,02-803-2993
659,포일내손점,경기,안양시,경기 안양시 동안구 흥안대로 427번길 38,031-425-1145
660,포도원점,경기,안양시,경기 안양시 동안구 호계3동 811 현대홈타운상가 107,031-452-0827
661,평촌5점,경기,안양시,경기 안양시 동안구 평촌동 898-2 초원아파트상가110,031-387-2134
662,태전점,경기,광주시,경기 광주시 태전동 688-1,031-767-9295
663,철산점,경기,광명시,경기 광명시 철산동 240  주공13단지 상가동,02-2682-3230
664,천리점,경기,용인시,경기 용인시 이동면 천리 56-6,031-333-5784
665,안양중앙점,경기,안양시,경기 안양시 만안구 삼덕로 80-1 (안양동) 1층,031-444-5592
666,안성점,경기,안성시,경기 안성시 도기 4길 9(도기동),031-671-9282
667,신천리점,경기,시흥시,경기 시흥시 호현로49번안길 1(대야동),031-312-9709
668,신갈점,경기,용인시,경기 용인시 기흥구 신구로 38 청솔학원,031-274-5060
669,성포점,경기,안산시,경기 안산시 상록구 성포동 592-2,031-487-8900
670,샘마을점,경기,안양시,경기 안양시 동안구 호계동 1116 샘마을상가 1층,031-453-9992
671,산본점,경기,군포시,경기 군포시 산본동 1069-3 (1층),031-393-9282
672,북내점,경기,여주시,경기 여주시 북내면 여양2로 274,031-883-5320
673,케이준 부곡점,경기,안산시,경기 안산시 상록구 성호로 340,031-406-9979
674,보정점,경기,용인시,경기 용인시 기흥구 죽현로8-20,031-272-9259
675,범계점,경기,안양시,경기 안양시 동안구 비산동 1102 관악타운 상가122,031-381-8238
676,백사점,경기,이천시,경기 이천시 백사면 현방리67-12,031-632-0746
677,박달점,경기,안양시,경기 안양시 만안구 박달동 149-1,031-468-3392
678,미양점,경기,안성시,경기 안성시 미양면 보체리 405 상가 501동 101호,031-675-9258
679,모현점,경기,용인시,경기 용인시 처인구 모현면 문현로331,031-333-9952
680,둔전점,경기,용인시,경기 용인시 처인구 포곡읍 포곡로 118번길 24-11,031-334-7292
681,능평점,경기,광주시,경기 광주시 오포읍 수레실길 5,031-726-9253
682,금정점,경기,군포시,경기 군포시 금정동 79-1 1층,031-458-3888
683,군포점,경기,군포시,경기 군포시 당동 914-5번지,031-392-9295
684,구성점,경기,용인시,"경기 용인시 기흥구 구성로 186(언남동, 신일푸른솔아파트단지내 1층",031-274-9282
685,공도점,경기,안성시,경기 안성시 공도읍 고무다리길 3,031-658-9280
686,거모점,경기,시흥시,경기 시흥시 군자로504번안길 12(거모동),031-508-3398
687,이천갈산점,경기,이천시,경기 이천시 갈산로 87번길 4(갈산동),031-635-3792
688,새롬한솔점,세종,누리로28,세종 누리로28,044-862-9283
689,금정산SK점,부산,금정구,"부산 금정구 식물원로 82, 302동 201호(장전동, 금정에스케이뷰)",051-514-0123
690,평촌2호점,경기,안양시,경기 안양시 동안구 평촌대로127번길 38,031-385-9288
691,목감점,경기,시흥시,경기 시흥시 목감중앙로 20,031-414-0056
692,시화3점,경기,시흥시,경기 시흥시 정왕대로28번길31,031-433-1457
693,시화2점,경기,시흥시,경기 시흥시 옥구천서로373번길9,031-433-8292
694,정관롯데캐슬점,부산,기장군,"부산 기장군 정관읍 정관3로 52, 상가동 101호(롯데캐슬)",051-728-5595
695,향남2점,경기,화성시,경기 화성시 향남읍 신광길 19. 102호,031-352-5464
696,신림역점,서울,관악구,서울 관악구 신림동길40,02-871-8588
697,동삭점,경기,평택시,"경기 평택시 동삭로 397 상가동 104,105호",031-652-5092
698,길동점,서울,강동구,서울 강동구 길동 351-7,02-470-2933
699,괴안점,경기,부천시,경기 부천시 소사구 괴안동 89-1,032-347-5661
700,산하1호점,울산,북구,"울산 북구 화암6길 14, 1층 101호(산하동)",052-282-3569
701,부곡월산점,경남,김해시,"경남 김해시 월산로 111-67,1 1층 105호(부곡동, 신화프라자)",055-335-2288
702,사상점,부산,사상구,"부산 사상구 광장로 81번길 90, 1층 (괘법동)",051-316-9292
703,아주점,경남,거제시,"경남 거제시 아주1로1길 7-2,1층(아주동)",055-682-7575
704,진천장관점,충북,진천군,충북 진천군 진천읍 장관2길 139-1,043-533-1355
705,삼성2점,대전,동구,대전 동구 현암로 36,042-621-1504
706,금왕점,충북,음성군,충북 음성군 금왕읍 탑골길 48,043-878-5284
707,남산점,경북,경산시,경북 경산시 남산면 산양길 9,053-851-5999
708,가양점,서울,강서구,서울 강서구 가양동 1475 강변아파트상가 203,02-2668-9306
709,방화점,서울,강서구,"서울 강서구 방화대로33길 17 (방화동,1층)",02-2064-7670
710,신풍역점,서울,영등포구,서울 영등포구 신길동255-15번지,02-842-7979
711,신대방점,서울,동작구,서울  동작구 여의대방로24길89-1,02-812-0085
712,암사점,서울,강동구,서울 강동구 암사동 425-197번지,02-427-9255
713,송파점,서울,송파구,서울 송파구 송파동 135-18 102호,02-419-4734
714,문정점,서울,송파구,서울 송파구 동남로4길 24,02-403-9761
715,삼전점,서울,송파구,서울 송파구 삼전동 167-17,02-419-5544
716,신천점,서울,송파구,서울 송파구 잠실동 185-9,02-423-5183
717,잠원점,서울,서초구,서울 서초구 잠원동 53번지 현대상사 1층 6호,02-592-2244
718,방배점,서울,서초구,서울 서초구 방배동 868-28번지,02-594-6866
719,대치점,서울,강남구,서울 강남구 대치동 922-14번지,02-562-9282
720,서초점,서울,서초구,서울 서초구 서초동 1342번지,02-522-9272
721,역삼점,서울,강남구,서울 강남구 역삼동 782-28번지,02-553-7749
722,논현점,서울,강남구,서울 강남구 논현동 192-1번지,02-517-4178
723,여의도점,서울,영등포구,서울 영등포구 여의도동50 시범상가,02-782-0520
724,대방점,서울,동작구,서울 동작구 대방동 11-51,02-817-7979
725,봉천점,서울,관악구,서울 관악구 은천로9길14,02-877-1122
726,신정1점,서울,양천구,"서울 양천구 은행정로 5길 28,1층 102호(신정동)",02-2651-9288
727,신도림점,서울,구로구,서울 구로구 신도림동 396 - 140,02-2632-6612
728,신정7점,서울,양천구,서울 양천구 신정동 203-1,02-2648-5191
729,구로가산점,서울,구로구,서울 구로구 구로동 792-22번지,02-853-0808
730,독산점,서울,금천구,서울 금천구 독산동 179-12,02-853-7714
731,목동점,서울,양천구,"서울 양천구 목동중앙서로 40 (목동,1층)",02-2061-9292
732,사당점,서울,동작구,서울 동작구 사당동 312-9번지,02-588-9293
733,신림점,서울,관악구,서울 관악구 신림동 96-87,02-872-6904
734,개봉점,서울,구로구,"서울 구로구 고척로27길 58, 1층(개봉동)",02-2060-9253
735,개봉2점,서울,구로구,서울 구로구 개봉동 357-22,02-2689-0900
736,오류점,서울,구로구,서울 구로구 오류로 86,02-2066-1533
737,가좌점,인천,서구,인천 서구 가좌동 142-45,032-582-0099
738,신현점,인천,서구,인천 서구 신현동 279-5,032-578-7730
739,청라점,인천,서구,인천 서구 청라라임로122번길10,032-566-9599
740,하늘도시점,인천,중구,인천 중구 자연대로32,032-746-9998
741,연희점,인천,서구,인천 서구 승학로 313-1,032-561-0702
742,온수1점,인천,강화군,인천 강화군 길상면 온수길15,032-937-9392
743,만수3점,인천,남동구,인천 남동구 만수6동 1026-1,032-467-1717
744,주안점,인천,남구,인천 남구 주안8동 1528-14,032-431-2877
745,구월3점,인천,남동구,인천 남동구 구월동 1359-20,032-766-9981
746,연안점,인천,중구,인천 중구 항동7가 58-4 라이프상가 1-107,032-886-7851
747,용현점,인천,남구,인천 남구 용현동 342-2,032-885-4229
748,송림점,인천,동구,인천 동구 송림2동 55-1,032-773-3297
749,케이준 계양점,인천,계양구,인천 계양구 용종동 214-1,032-553-3927
750,계산점,인천,계양구,인천 계양구 계수로1,032-551-0122
751,효성점,인천,계양구,인천 계양구 효성동 192-1 (104호),032-553-9595
752,구월점,인천,남동구,인천 남동구 구월동 1248-44,032-466-6222
753,부개점,인천,부평구,인천 부평구 부개동 140-22,032-361-9952
754,케이준 삼산점,인천,부평구,인천 부평구 삼산동440-1삼산타운 1단지 B상가103호,032-330-8600
755,부평점,인천,부평구,인천 부평구 부평동 904-16,032-361-2555
756,주안2점,인천,남구,인천 남구 주안2동 550-23,032-872-5028
757,연수점,인천,연수구,인천 연수구 연수동 497-7,032-818-2616
758,옥련청학점,인천,연수구,인천 연수구 옥련동 367-7,032-831-8292
759,수유화계점,서울,강북구,서울 강북구 노해로17길 51,02-992-8881
760,광희점,서울,중구,"서울 중구 마른내로 163,1층(광희동1가)",02-3273-9991
761,연희점,서울,서대문구,서울 서대문구 증가로 34(연희동),02-325-9090
762,정릉점,서울,성북구,서울 성북구 보국문로75,02-909-5150
763,서교점,서울,마포구,"서울 마포구 성미산로 12, 1층 D호(성산동)",02-334-8384
764,방학점,서울,도봉구,서울 도봉구 방학로 200-20,02-955-9696
765,북가좌점,서울,서대문구,서울 서대문구 북가좌동 347-27,02-309-3430
766,후암점,서울,용산구,서울 용산구 동자동 19-33,02-755-9595
767,염리점,서울,마포구,서울 마포구 숭문4길 5,02-713-3340
768,도화점,서울,마포구,서울 마포구 도화1동 25-4,02-702-6692
769,응봉점,서울,성동구,서울 성동구 응봉동 193-118 1층,02-2293-3600
770,역촌점,서울,은평구,서울 은평구 역촌동 34-1,02-384-8008
771,우이점,서울,강북구,서울 강북구 우이동 72-65,02-902-1870
772,번동점,서울,강북구,서울 강북구 번동 411-17,02-994-3232
773,창동점,서울,도봉구,서울 도봉구 창동 804 대우APT 상가,02-905-0092
774,쌍문점,서울,도봉구,서울 도봉구 시루봉로2길 66 1층 102호,02-900-3301
775,녹천점,서울,도봉구,서울 도봉구 창동 38-1 주공17단지상가 101,02-995-4236
776,월계미성점,서울,노원구,서울 노원구 월계동 17 미성상가 103,02-975-8892
777,중곡점,서울,광진구,서울 광진구 중곡동 79-10,02-446-7831
778,신내점,서울,중랑구,서울 중랑구 신내동 472-3,02-435-8485
779,중계점,서울,노원구,서울 노원구 중계동 503 중계그린상가 B-107,02-971-4444
780,수락산점,서울,노원구,서울 노원구 상계동 1110-6,02-936-4994
781,칠금봉방점,충북,충주시,충북 충주시 연수동 1245,043-853-9288
782,이류점,충북,충주시,충북 충주시 대소원면 대소원1길 21,043-851-9289
783,충주용산점,충북,충주시,충북 충주시 용정2길 39-1(성남동),043-844-9292
784,충북연수점,충북,충주시,충북 충주시 금릉동 708-2,043-845-9201
785,수안보점,충북,충주시,충북 충주시 수안보면 장터1길 19,043-848-7278
786,금가점,충북,충주시,충북 충주시 금가면 강수로 335,043-853-9191
787,음성점,충북,음성군,충북 음성군 음성읍 시장로 43,043-872-1138
788,괴산점,충북,괴산군,충북 괴산군 괴산읍 동부리 627-20,043-833-9959
789,가경점,충북,청주시,충북 청주시 가경동1137번지,043-232-9999
790,봉명점,충북,청주시,충북 청주시 흥덕구 봉명로149번길 6,043-265-9993
791,감곡점,충북,음성군,충북 음성군 감곡면 장감로 189,043-877-9240
792,진천점,충북,진천군,충북 진천군 진천읍 문화2길 12,043-534-8292
793,복대점,충북,청주시,충북 청주시 흥덕구 성봉로 267,043-236-1717
794,충북덕산점,충북,진천군,충북 진천군 덕산면 초금로 757-2,043-536-3521
795,옥천점,충북,옥천군,충북 옥천군 옥천읍 금장로 113,043-733-1725
796,배방점,충남,아산시,충남 아산시 배방읍 배방로173번길 20-18,041-541-3092
797,동문점,충남,서산시,충남 서산시 한마음2로 49,041-665-9777
798,석문점,충남,당진시,충남 당진시 석문면 해명4로3길 34,041-356-9700
799,한진포구점,충남,당진시,충남 당진시 송악읍 한진포구길 27,041-358-0421
800,예산덕산점,충남,예산군,충남 예산군 덕산면 봉운로 21,041-337-5311
801,대천동점,충남,보령시,충남 보령시 남대천로 73,041-934-9294
802,당진신평점,충남,당진시,충남 당진시 신평면 신평로 820,041-362-9233
803,온양1동점,충남,아산시,충남 아산시 번영로 71,041-546-1077
804,논산점,충남,논산시,충남 논산시 부창로100번길 13-19,041-736-6262
805,충남서천점,충남,서천군,충남 서천군 서천읍 충절로29번길 18,041-953-9259
806,방축점,충남,아산시,충남 아산시 온천대로 1333번길 15,041-549-0662
807,당진1점,충남,당진시,충남 당진시 밤절로 103,041-357-9205
808,안면점,충남,태안군,충남 태안군 안면읍 장터로 140-1,041-674-0097
809,금산점,충남,금산군,충남 금산군 금산읍 금산로 1465,041-753-4808
810,부여점,충남,부여군,충남 부여군 부여읍 석탑로 3,041-832-6979
811,모종점,충남,아산시,충남 아산시 모종동 577-13,041-544-3910
812,천북점,충남,보령시,충남 보령시 천북면 하궁길 10,041-641-2461
813,해미점,충남,서산시,충남 서산시 해미면 남문1로 47,041-688-6662
814,원북점,충남,태안군,충남 태안군 원북면 원이로 841-4,041-672-3599
815,두정역점,충남,천안시,충남 천안시 서북구 두정역서1길 4-12 다온빌리지 1층상가,041-566-1111
816,장재점,충남,아산시,충남 아산시 배방읍 연화로 36 연화마을8단지 상가2동 104호,041-534-5592
817,초원점,충남,아산시,충남 아산시 음봉면 음봉로681번길 24 초원아파트109-101호,041-531-9295
818,신방점,충남,천안시,충남 천안시 동남구 수곡2길 5,041-575-6236
819,입장점,충남,천안시,충남 천안시 서북구 입장면 입장로 121 초원상가6-103호,041-584-5694
820,쌍용봉명점,충남,천안시,충남 천안시 서북구 봉서5길 18,041-579-9990
821,천안백석점,충남,천안시,충남 천안시 서북구 백석4길 12,041-523-9288
822,성환점,충남,천안시,충남 천안시 서북구 성환읍 성환중앙로 47,041-581-9369
823,직산점,충남,천안시,충남 천안시 서북구 성거읍 봉주로 111,041-583-6161
824,차암공단점,충남,천안시,충남 천안시 서북구 직산읍 2공단5로 169 대림상가 105호,041-621-9292
825,두정1점,충남,천안시,충남 천안시 서북구 늘푸른5길 22 골드프라자 110호,041-551-3392
826,성정점,충남,천안시,충남 천안시 서북구 서부16길14,041-575-5457
827,신부점,충남,천안시,충남 천안시 동남구 터미널2로 32 (신부동729번지),041-563-9292
828,조촌점,전북,군산시,전북 군산시 조촌로 68 (조촌동),063-451-7666
829,정읍수성점,전북,정읍시,전북 정읍시  중앙로95(수성동),063-535-3773
830,익산영등점,전북,익산시,전북 익산시 고봉로22길 31 (영등동),063-852-9982
831,수송점,전북,군산시,전북 군산시 월명로 305(수송동),063-466-7666
832,산북소룡점,전북,군산시,전북 군산시 칠성안1길 17(산북동 104호),063-471-9282
833,만경점,전북,김제시,전북 김제시 만경읍 만경로 804,063-545-3286
834,나운지곡점,전북,군산시,전북 군산시 신평길 33-2(지곡동),063-463-9285
835,나운1점,전북,군산시,전북 군산시 상나운로 86(나운동),063-463-8292
836,김제점,전북,김제시,전북 김제시 동서로 133(요촌동),063-542-8292
837,김제신풍점,전북,김제시,전북 김제시 검산택지5길 21-7(검산동),063-544-9282
838,해남화원점,전남,해남군,전남 해남군 화원면 금평리 236-3,061-532-1353
839,해남점,전남,해남군,전남 해남군 해남읍 해남로 4,061-533-3133
840,한라삼호점,전남,영암군,전남 영암군 삼호읍 신항로 80(2층),061-462-6636
841,하당점,전남,목포시,전남 목포시 하당로30번길 12(상동),061-284-2004
842,퀸스빌점,전남,영암군,전남 영암군 삼호읍 삼호중앙로 129 (퀸스빌2차아파트 상가 101동 102호),061-462-9289
843,창평점,전남,담양군,전남 담양군 창평면 의병로 137,061-383-7900
844,진도점,전남,진도군,전남 진도군 진도읍 남동리 쌍정2길 30,061-542-3939
845,광양중동점,전남,광양시,전남 광양시 진등길 10(중동),061-793-8599
846,용해점,전남,목포시,전남 목포시 용당로 271-1(용해동),061-277-3168
847,압해도점,전남,신안군,전남 신안군 압해면 압해로 889,061-271-1618
848,순천대학점,전남,순천시,"전남 순천시 중앙로 270,1층(석현동)",061-751-2651
849,송지점,전남,해남군,전남 해남군 송지면 산정1길 92,061-535-5554
850,서면용당점,전남,순천시,전남 순천시 서면 강청길 88(1층),061-753-8295
851,상동점,전남,목포시,전남 목포시 상리로1번길 16(상동),061-274-3999
852,산정점,전남,목포시,전남 목포시 고하대로 656(산정동),061-278-0090
853,법성점,전남,영광군,전남 영광군 법성면  연우로4(법성리),061-356-8185
854,문수점,전남,여수시,전남 여수시 문수로 72(문수동),061-651-3886
855,동정점,전남,여수시,전남 여수시 하멜로 18(고소동),061-654-9292
856,돌산점,전남,여수시,전남 여수시 돌산읍 강남8길 30(돌산1차청솔아파트 상가동 102호),061-644-2777
857,도초비금점,전남,신안군,전남 신안군 도초면 불섬길 85-12,061-275-6622
858,대불점,전남,영암군,전남 영암군 삼호읍 대불주거1로5길 17,061-462-0092
859,남창점,전남,해남군,전남 해남군 북평면 볼무당길 5,061-533-0805
860,남악점,전남,무안군,"전남 무안군 삼향읍 남악5로46번길 22, 111호(황금먹거리장터)",061-984-8292
861,국동점,전남,여수시,전남 여수시 국동 994-3,061-642-5272
862,광영점,전남,광양시,전남 광양시 광영로 97(광영동),061-794-9982
863,광양점,전남,광양시,전남 광양시 광양읍 호북길22,061-762-8154
864,곡성점,전남,곡성군,전남 곡성군 곡성읍 중앙로 141,061-363-7870
865,강진점,전남,강진군,전남 강진군 강진읍 영랑로3길 10,061-434-7722
866,매곡월드점,울산,북구,"울산  북구 매곡1로 4-4, 1층 102호(매곡동)",052-298-3005
867,울산천곡점,울산,북구,"울산 북구 관문길 6-1, 지상1층(천곡동)",052-292-9298
868,쌍용아진점,울산,북구,울산 북구 가재길96,052-282-9255
869,울산서동점,울산,중구,울산 중구 북부순환도로 879 (서동),052-293-9222
870,반구점,울산,중구,울산 중구 화합로 395(반구동),052-285-0272
871,태화점,울산,중구,울산 중구 신기2길 4(태화동),052-245-1220
872,다운점,울산,중구,"울산 중구 다운로 29, 1층(다운동)",052-222-5656
873,옥동점,울산,남구,울산 남구 문수로 369번길 10-1(옥동),052-269-9293
874,명촌점,울산,북구,"울산 북구 명촌로 81, 1층(명촌동)",052-289-1400
875,양정점,울산,북구,"울산 북구 염포로 555(양정동,1층)",052-287-9236
876,남목점,울산,동구,울산 동구 미포2길 50(동부동),052-235-9446
877,전하1호점,울산,동구,"울산 동구 전하로 8, 1층(전하동",052-234-3467
878,울산일산점,울산,동구,울산 동구 방어진순환도로 709(일산동),052-235-3133
879,방어진점,울산,동구,울산 동구 동진2길 17(방어동),052-201-9338
880,울산삼산점,울산,남구,"울산 남구 화합로 178, 1층 (삼산동)",052-260-8293
881,달동점,울산,남구,울산 남구 삼산로 254번길 23,052-257-7111
882,신정1호점,울산,남구,울산 남구 월평로 69(신정동),052-261-0321
883,야음점,울산,남구,울산 남구 수암로 241-2,052-267-9292
884,덕하점,울산,울주군,울산 울주군 청량면 삼정로 769,052-268-7943
885,덕신점,울산,울주군,"울산 울주군 온산읍 신온8길 18, 1층 102호",052-238-1882
886,나사리점,울산,울주군,울산 울주군 서생면 나사해안길 61-1,052-238-3355
887,훼미리점,울산,울주군,울산 울주군 상북면 궁근정리 846-14 진우훼미리상가 102,052-264-5848
888,언양점,울산,울주군,울산 울주군 언양읍 남문길 14,052-263-9222
889,전동점,세종,전동면,세종 전동면 전동로39-1,044-858-8883
890,길천점,부산,기장군,부산 기장군 장안읍 길천리 224-5,051-727-3097
891,좌천점,부산,기장군,부산 기장군 장안읍 좌천리 202-6,051-727-0807
892,일광점,부산,기장군,부산 기장군 일광면 삼성리 33-1,051-722-1515
893,기장점,부산,기장군,부산 기장군 기장읍 차성로 288번길 66,051-721-5577
894,부산서동점,부산,금정구,부산 금정구 서동 205-13,051-531-2557
895,명장점,부산,동래구,"부산 동래구 반송로 339번길 8, 1동 101호(명장동,협진태양아파트상가)",051-522-9285
896,공항점,부산,강서구,부산 강서구 공항진입로42번길,051-971-9282
897,개금엘지점,부산,부산진구,"부산 부산진구 백양대로 309(개금동,(1층))",051-896-4480
898,금곡점,부산,북구,부산 북구 금곡대로 470번길35,051-361-4148
899,화명점,부산,북구,부산 북구 화명1동 1130-9,051-341-3392
900,구포1호점,부산,북구,부산 북구 구포시장길 44(구포동),051-337-7377
901,구포3호점,부산,북구,부산 북구 시랑로 72-1(구포동),051-336-1244
902,덕천1호점,부산,북구,부산 북구 덕천동 의성로 115번길 3,051-338-9977
903,만덕점,부산,북구,부산 북구 만덕2로 32(만덕동),051-331-5877
904,온천장점,부산,동래구,부산 동래구 금강로 90(온천동),051-556-9233
905,장전점,부산,금정구,부산 금정구 금강로321번길40,051-583-6262
906,미남점,부산,동래구,"부산 동래구 여고북로 109 (온천동,1층)",051-503-8292
907,사직1호점,부산,동래구,"부산 동래구 사직북로57번 가길 6, 1층(사직동)",051-507-8081
908,사직운동장점,부산,동래구,"부산 동래구 여고로 7, 1층(사직동)",051-505-9283
909,거제점,부산,연제구,부산 연제구 아시아드대로 46번길 7(거제동),051-502-9943
910,연산1호점,부산,연제구,부산 연제구 쌍미천로 126(연산동),051-851-1253
911,망미배산점,부산,수영구,부산 수영구 연수로263번길 4,051-751-0026
912,전포점,부산,부산진구,부산 부산진구 전포동 전포대로294,051-804-9280
913,문현2호점,부산,남구,부산 남구 전포대로 77번길 9-2(문현동),051-631-2568
914,문현점,부산,남구,부산 남구 문현동 351-6,051-642-5243
915,감만점,부산,남구,부산 남구 신선로 313-1,051-631-9288
916,대연점,부산,남구,부산 남구 석포로 79(대연동),051-622-9254
917,용호시장점,부산,남구,"부산 남구 용호로 190, 1층(용호동)",051-623-0202
918,용호점,부산,남구,부산 남구 동명로 121(용호동),051-611-9201
919,남천점,부산,수영구,"부산 수영구 남천동로 7, 1층(남천동,장우빌딩)",051-624-9282
920,광안점,부산,수영구,부산 수영구 광안동  537-2 ,051-757-7781
921,송정점,부산,해운대구,부산 해운대구 송정중앙로23-1,051-704-9777
922,신도시2호점,부산,해운대구,부산 해운대구 좌동 1288 대동타운분산상가 203,051-701-3331
923,수영점,부산,수영구,부산 수영구 수영로 725번길 14(수영동),051-757-4004
924,망미점,부산,수영구,부산 수영구 망미번영로 79 (망미동),051-758-7747
925,반여2동점,부산,해운대구,"부산 해운대구 해운대로 61번길 98-1, 1층 (반여동)",051-782-3392
926,반여점,부산,해운대구,부산 해운대구 반여로 167번길 70(반여동),051-524-0238
927,안락점,부산,동래구,부산 동래구 충렬대로 428번길 50(안락동),051-525-1105
928,학장점,부산,사상구,부산 사상구 학장동 574-111 삼성아파트상가 1-102,051-316-1999
929,하단1호점,부산,사하구,"부산 사하구 하신번영로 360(하단동, 1층 우측)",051-293-9266
930,장림점,부산,사하구,부산 사하구 장림동 604-209,051-264-5959
931,다대점,부산,사하구,부산 사하구 다대로 397(다대동),051-263-5567
932,신평점,부산,사하구,부산 사하구 다대로 136번길 3 (신평동),051-206-1097
933,당리점,부산,사하구,부산 사하구 당리동 324-27,051-294-8292
934,괴정1호점,부산,사하구,부산 사하구 까치고개로 10(괴정동),051-207-7227
935,부산동해점,부산,서구,부산 서구 남부민동 33-6 흥아맨션 307호,051-255-8228
936,감천점,부산,사하구,"부산 사하구 감천로 111, 1층(감천동)",051-201-1235
937,동삼점,부산,영도구,부산 영도구 동삼북로20,051-405-7787
938,부산청학점,부산,영도구,"부산 영도구 청학로 32, 4층 2호(청학동)",051-413-4423
939,동구청점,부산,동구,부산 동구 수정로 18(수정동),051-441-9985
940,범천점,부산,부산진구,"부산 부산진구 가야대로 702, 101동 103호(범천동, 서면 e-편한세상상가)",051-803-1992
941,주례점,부산,사상구,부산 사상구 가야대로 306번길 69(주례동),051-315-9292
942,부산가야점,부산,부산진구,부산 부산진구 가야대로 631-1,051-891-0787
943,당감1호점,부산,부산진구,부산 부산진구 백양순환로113,051-894-3999
944,부암점,부산,부산진구,"부산 부산진구 시민공원로 19번길 38-6(부암동,1층)",051-806-6266
945,시민공원점,부산,부산진구,"부산 부산진구 범양로 113, 1층(양정동)",051-992-9292
946,한남대점,대전,대덕구,대전 대덕구 한남로 28,042-624-9100
947,어은점,대전,유성구,대전 유성구 어은로48번길 9-5,042-861-9255
948,로하스점,대전,대덕구,대전 대덕구 대덕대로 1583,042-936-2000
949,도안목원대점,대전,유성구,대전 유성구 원신흥남로 58,042-826-4492
950,비래가양점,대전,대덕구,대전 대덕구 우암로 412,042-621-9982
951,부사점,대전,중구,대전 중구 대종로316번길 2,042-253-3588
952,둔산녹원점,대전,서구,대전 서구 계룡로491번길 28,042-485-7778
953,타임월드점,대전,서구,대전 서구 갈마역로 10,042-471-6656
954,전민점,대전,유성구,대전 유성구 전민로38번길 33,042-861-9005
955,도마점,대전,서구,대전 서구 도솔로 137,042-528-9238
956,대전성남점,대전,동구,대전 동구 성남로 28,042-673-9044
957,둔산점,대전,서구,대전 서구 둔산북로 175,042-482-7979
958,중리점,대전,대덕구,대전 대덕구 중리남로 48,042-622-9266
959,송촌2점,대전,대덕구,대전 대덕구 동춘당로54번길 40-6,042-622-9233
960,갈마점,대전,서구,대전 서구 갈마중로7번길 29,042-525-5163
961,신인점,대전,동구,대전 동구 계족로 87,042-283-4338
962,덕암점,대전,대덕구,대전 대덕구 덕암로 222,042-933-1212
963,용운점,대전,동구,대전 동구 용운로147번길 123,042-284-8266
964,관저1점,대전,서구,대전 서구 도안남로 148,042-545-3392
965,태평점,대전,중구,대전 중구 수침로55번길 7,042-525-6720
966,용두점,대전,중구,대전 중구 중앙로 13번길 63,042-256-9595
967,대전목동점,대전,중구,대전 중구 목동로48-1,042-254-7777
968,송촌1점,대전,대덕구,대전 대덕구 계족로690번길 21 선비마을1단지상가 104,042-672-9911
969,괴정점,대전,서구,대전 서구 도산로369번길 91,042-536-0124
970,대전산호점,대전,서구,대전 서구 계룡로571번길 65 상가 103호,042-488-2285
971,하남점,광주,광산구,광주 광산구 월곡반월로 28(월곡동 1동),062-951-5912
972,주월점,광주,남구,광주 남구 서문대로 749번길 15-1(주월동),062-673-7334
973,운암점,광주,북구,광주 북구 운암1동 930-8,062-531-4898
974,양산첨단2점,광주,북구,광주 북구 임방울대로1041번길 24(용두동 1층),062-574-8292
975,송하점,광주,남구,광주 남구 송하동 258-7,062-676-9252
976,광주송정점,광주,광산구,"광주 광산구 송도로 319, 1층(송정동)",062-941-9979
977,문흥점,광주,북구,광주 북구 대천로 139번길 8-7(문흥동),062-267-8511
978,두암타운점,광주,동구,광주 동구 산수동 밤실로 147 (두암타운상가 105호),062-261-2962
979,영주1점,경북,영주시,경북 영주시 대학로 261번길 36(가흥동),054-631-7711
980,신안점,경북,안동시,경북 안동시 안막동 69-9,054-852-4273
981,의성점,경북,의성군,경북 의성군 의성읍 문소1길 117,054-832-6225
982,성동점,경북,상주시,경북 상주시 성동 193 - 3 번지,054-536-1442
983,낙양점,경북,상주시,경북 상주시 낙양동 199-1,054-535-0599
984,휴천점,경북,영주시,경북 영주시 영주로 330번길 56(휴천동),054-636-9636
985,진보점,경북,청송군,경북 청송군 진보면 진안79-2,054-874-2646
986,점촌점,경북,문경시,경북 문경시 모전동 52-9,054-552-5882
987,예천점,경북,예천군,경북 예천군 예천읍 효자로 65,054-653-8892
988,법원점,경북,포항시,경북 포항시 북구 법원로 154 (양덕동),054-252-9946
989,평해점,경북,울진군,경북 울진군 평해읍 평해로 58,054-787-8483
990,황성점,경북,경주시,경북 경주시 용담로 116번길  61-5    103동  101호 신흥2차,054-773-9992
991,시래점,경북,경주시,경북 경주시 구매3길 28(시래동),054-771-7980
992,안강점,경북,경주시,경북 경주시 안강읍 비화원로 85,054-761-0087
993,보문점,경북,경주시,경북 경주시 신평동 150-9,054-748-7484
994,영천점,경북,영천시,경북 영천시 야사동 283-38,054-334-9709
995,포항오천점,경북,포항시,경북 포항시 남구오천읍용덕리322-15,054-293-9912
996,연일점,경북,포항시,경북 포항시 남구 연일읍 철강로25번길 52,054-278-9907
997,동해점,경북,포항시,경북 포항시 남구동해면 약전1리291-1,054-284-4957
998,효자점,경북,포항시,경북 포항시 남구 효자동 308-16,054-282-3324
999,흥해점,경북,포항시,경북 포항시 북구 흥해읍 흥해로 21,054-261-7786
1000,환호점,경북,포항시,경북 포항시 북구환호동512-7,054-252-6588
1001,기계점,경북,포항시,경북 포항시 북구 기계면 현내리 404-5,054-246-0088
1002,감포점,경북,경주시,경북 경주시 감포읍 감포리 50-2,054-777-3457
1003,달전점,경북,포항시,경북 포항시 북구 흥해읍 달전로 365,054-261-7892
1004,충효점,경북,경주시,경북 경주시 충효녹지길 128-9(충효동),054-742-8285
1005,아화점,경북,경주시,경북 경주시 서면 내서로 406,054-751-0331
1006,신암점,대구,동구,대구 동구 아양로15길 49,053-958-3999
1007,성주점,경북,성주군,경북 성주군 성주읍 성산리 2098-2번지,054-931-9292
1008,진량점,경북,경산시,경북 경산시 진량읍 신상리 205-1,053-851-9959
1009,효신점,대구,동구신천4동436-7,대구 동구신천4동436-7,053-756-6114
1010,대구범어점,대구,수성구,대구 수성구 범어4동114-1,053-745-5598
1011,진천사랑점,대구,달서구,대구 달서구 월배로 32-1 진천우체국,053-643-0006
1012,화원점,대구,달성군,대구 달성군 화원읍 비슬로523길4-5,053-636-9992
1013,상인점,대구,달서구,대구 달서구 상인동 1474-1 보성산호상가 102호,053-636-4333
1014,대명1점,대구,남구,"대구 남구 안골길 15,1층",053-622-9888
1015,논공점,대구,달성군,대구 달성군 논공읍 북리 803-142,053-615-0697
1016,현풍점,대구,달성군,대구 달성군 현풍면 중리295-1,053-611-9233
1017,감삼점,대구,달서구,대구 달서구 감삼동205-12,053-566-0292
1018,대구신천점,대구,동구,대구 동구 신천동633 동신우방상가108-108,053-422-9277
1019,방촌점,대구,동구,대구 동구 방촌동902-7 현대상가,053-984-3185
1020,시지1점,대구,수성구,대구 수성구 노변공원로1길 6-5(시지동),053-793-9960
1021,두류점,대구,달서구,대구 달서구 야외음악당로 163,053-654-2064
1022,대명계대점,대구,남구,대구 남구 대명3동2262-47번지,053-652-9982
1023,명곡점,대구,달성군,대구 달성군 화원읍 명곡로 12-5,053-644-9902
1024,죽곡점,대구,달성군,대구 달성군 다사읍 대실역남로 4길 30-26,053-586-8870
1025,왜관점,경북,칠곡군,경북 칠곡군 왜관읍왜관리774,054-971-4110
1026,석적중리점,경북,칠곡군,경북 칠곡군 석적읍 중리201-10,054-971-3825
1027,용산점,대구,달서구,"대구 달서구 와룡로49길 103,1층",053-563-9997
1028,서재점,대구,달성군,대구 달성군 다사읍 서재리 서재로 108,053-585-8145
1029,성서1점,대구,달서구,대구 달서구 이곡동 752-19,053-581-1256
1030,고아점,경북,구미시,경북 구미시 고아읍 오로리 460-1에덴상가 203호,054-481-3006
1031,옥계점,경북,구미시,경북 구미시 구포동671-2,054-475-9950
1032,산동점,경북,구미시,경북 구미시 산동면 강동로 1028-6,054-475-8299
1033,진평점,경북,구미시,경북 구미시 진평동458,054-471-1741
1034,구미1호점,경북,구미시,경북 구미시 신평1동150-17,054-463-4545
1035,상모점,경북,구미시,경북 구미시 사곡로5길 11,054-462-9982
1036,원평점,경북,구미시,경북 구미시 남통동14-44,054-458-6117
1037,도량점,경북,구미시,경북 구미시 도량동245-2,054-442-1414
1038,원호점,경북,구미시,경북 구미시 고아읍 원호리 449번지,054-441-1033
1039,대곡점,경북,김천시,경북 김천시 부곡동 990-2,054-437-8292
1040,직지점,경북,김천시,경북 김천시 대항면복전리548-32,054-436-8998
1041,신음점,경북,김천시,경북 김천시 신음동1302-5,054-433-9233
1042,인의황상점,경북,구미시,경북 구미시 여헌로14길 10,054-474-7940
1043,덕곡율곡점,경북,김천시,경북 김천시 아포대로 22,054-437-9992
1044,아포점,경북,김천시,경북 김천시 아포읍 국사리 1047번지102호,054-431-0082
1045,지좌점,경북,김천시,경북 김천시 황산2길 36 (지좌동),054-434-1919
1046,팔달점,대구,서구,대구 서구 서대구로68길 58(비산동),053-352-9959
1047,칠곡2지구점,대구,북구,대구 북구 구암동 684-5,053-326-9949
1048,대구태전점,대구,북구,"대구 북구 칠곡중앙대로53길32,상가동107호",053-311-9930
1049,회원점,경남,창원시,경남 창원시 마산회원구 회원동 29-15,055-244-0116
1050,하동점,경남,하동군,경남 하동군 하동읍 중앙2길 10-4,055-884-1377
1051,팔용점,경남,창원시,경남 창원시 의창구 팔용동 194-7 1층,055-297-9218
1052,태룡점,경남,밀양시,경남 밀양시 단장면 태룡리 407-5,055-356-0274
1053,칠원점,경남,함안군,경남 함안군 칠원읍 구성길3,055-587-3037
1054,진성점,경남,진주시,"경남 진주시 진성면 동부로 1348, 2층",055-758-3236
1055,지산점,경남,창원시,경남 창원시 마산합포구 진북면 지산리 250-16,055-271-4348
1056,지곡점,경남,함양군,경남 함양군 지곡면 병곡지곡로 963-1,055-963-6050
1057,주공점,경남,거제시,"경남 거제시 성산로 20, 1층(옥포동, 무지개타운상가)",055-687-6333
1058,장평점,경남,거제시,경남 거제시 장평동 626-8,055-637-1950
1059,자은점,경남,창원시,경남 창원시 진해구 자은동 975-12 1층 102호,055-551-9991
1060,자산점,경남,창원시,경남 창원시 마산합포구 자산동 189-3,055-248-1581
1061,일반성점,경남,진주시,경남 진주시 일반성면 창촌리 47-1,055-754-6786
1062,위천점,경남,거창군,경남 거창군 위천면 장기리 418-18,055-942-6102
1063,창원웅천점,경남,창원시,경남 창원시 진해구 북부동 560-4 대풍연립 101,055-545-1996
1064,웅양점,경남,거창군,경남 거창군 웅양면 웅양로 1428,055-942-8858
1065,용원점,경남,창원시,경남 창원시 진해구 안골로298번길 26 푸르지오 상가 1동 104호,055-552-1881
1066,옥포점,경남,거제시,경남 거제시 옥포동 546-18,055-687-9292
1067,옥수점,경남,거제시,경남 거제시 능포동 717-2,055-681-9252
1068,안의점,경남,함양군,경남 함양군 안의면 금천리 160-5,055-962-0185
1069,신반점,경남,의령군,경남 의령군 부림면 신반리 168-9,055-574-7709
1070,수월점,경남,거제시,"경남 거제시 수양로 494, 1층 101(일부)호(양정동)",055-636-9297
1071,수산점,경남,밀양시,경남 밀양시 하남읍 시서상가길 11,055-391-5008
1072,수동점,경남,함양군,경남 함양군 수동면 화산리 1201-6,055-963-2292
1073,상봉점,경남,진주시,경남 진주시 북장대로 81번길 11(상봉동),055-746-9253
1074,삼랑진점,경남,밀양시,경남 밀양시 삼랑진읍 만어로 8-4 1층,055-351-2305
1075,창원삼계점,경남,창원시,경남 창원시 마산회원구 내서읍 삼계리 637번지,055-232-9222
1076,산호점,경남,창원시,경남 창원시 마산합포구 산호남로 6(산호동),055-245-0272
1077,산청점,경남,산청군,경남 산청군 산청읍 친환경로 2668,055-973-7323
1078,사곡점,경남,거제시,"경남 거제시 사등면 두동로 30, 지하1층 206호(경남아너스빌상가)",055-633-7060
1079,봉평점,경남,통영시,"경남 통영시 데메4길 45, 1호(도남동,세인상가)",055-644-9290
1080,반림점,경남,창원시,경남 창원시 성산구 중앙동 74-6 1층 B호,055-261-3266
1081,동마산점,경남,창원시,경남 창원시 마산회원구 합성동 13길 57 1층,055-295-6422
1082,대산점,경남,함안군,경남 함안군 대산면 대산중앙로 214,055-582-8521
1083,창원대방점,경남,창원시,경남 창원시 성산구 대정로131,055-275-9917
1084,남해점,경남,남해군,경남 남해군 남해읍 화전로78번길 17,055-864-5894
1085,남면점,경남,남해군,경남 남해군 남면 남서대로 777,055-862-7574
1086,남해이동점,경남,남해군,경남 남해군 이동면 무림로 81-1,055-863-0840
1087,군북점,경남,함안군,경남 함안군 군북면 중암리 60-1,055-585-9200
1088,구조라점,경남,거제시,경남 거제시 일운면 구조라리 375,055-681-9797
1089,구암점,경남,창원시,경남 창원시 마산회원구 구암북2길 6(구암동),055-299-2450
1090,공단점,경남,진주시,경남 진주시 상평동 227 동국1차(아)상가 102,055-758-3534
1091,거제고현점,경남,거제시,경남 거제시 거제중앙로27길 15(고현동),055-635-7649
1092,거창점,경남,거창군,경남 거창군 거창읍 상림리 42-10,055-944-4776
1093,가야점,경남,함안군,경남 함안군 가야읍 도항리 95-1 1층,055-583-8021
1094,소주동점,경남,양산시,경남 양산시 대평들2길 17(주남동),055-362-2918
1095,덕계점,경남,양산시,경남 양산시 덕계2길 20(덕계동),055-363-9901
1096,무계점,경남,김해시,"경남 김해시 장유로 301번길 3, 207호(무계동,청학프라자)",055-322-8886
1097,율하점,경남,김해시,"경남 김해시 율하2로 123, 113동 106호(율하동,율현마을동원로얄듀크아파트1차상가)",055-321-9288
1098,갑오점,경남,김해시,경남 김해시 장유면 대청리 332-4 대청프라자 A-218,055-332-7891
1099,진영신도시점,경남,김해시,경남 김해시 진영읍 김해대로 365번길 18,055-342-6080
1100,김해명동점,경남,김해시,경남 김해시 한림면 명동로 7,055-345-2864
1101,생림점,경남,김해시,경남 김해시 생림면 생림대로 960,055-323-3980
1102,삼계점,경남,김해시,경남 김해시 가야로30번길 17(삼계동),055-333-9282
1103,경남외동점,경남,김해시,경남 김해시 외동 1246-3,055-331-1444
1104,부원점,경남,김해시,경남 김해시 가락로23번길7,055-322-9290
1105,어방점,경남,김해시,"경남 김해시 활천로 214번길5,101호(어방동,송대아트빌라)",055-327-8292
1106,삼방시장점,경남,김해시,경남 김해시 삼안로 237(삼방동),055-312-8255
1107,내원점,경남,양산시,경남 양산시 하북면 용연리 510-4,055-375-3692
1108,석계점,경남,양산시,경남 양산시 상북면 상북중앙로 349,055-374-7723
1109,어곡점,경남,양산시,경남 양산시 어곡동 9-3,055-367-9298
1110,양산1호점,경남,양산시,경남 양산시 북부동 428-8,055-366-5592
1111,범어점,경남,양산시,경남 양산시 물금읍 동중1길 28,055-367-9494
1112,화도가곡점,경기,남양주시,경기 남양주시 화도읍 비룡로 331,031-593-0808
1113,마석점,경기,남양주시,경기 남양주시 화도읍 마석로17번 안길 1-4,031-593-4045
1114,평내점,경기,남양주시,경기 남양주시 평내동 142,031-591-0993
1115,퇴계원점,경기,남양주시,경기 남양주시 퇴계원면 퇴계원로 78번길 1,031-572-1999
1116,오남점,경기,남양주시,"경기 남양주시 오남읍 진건오남로512번길 23, 110호~111호",031-513-9292
1117,광릉점,경기,남양주시,경기 남양주시 진접읍 부평로 42(진접센트레빌시티),031-515-1092
1118,광적점,경기,양주시,경기 양주시 광적면 가래비길 67,031-836-9191
1119,은현점,경기,양주시,경기 양주시 은현면 선암리 335-1,031-867-6966
1120,문산점,경기,파주시,"경기 파주시 문산읍 우계로 472, 1동 104호(두산위브상가)",031-953-9233
1121,봉일천점,경기,파주시,경기 파주시 조리읍 봉천로 18,031-941-0444
1122,교하점,경기,파주시,"경기 파주시 청석로 334, 102호(다율동, 청석마을동문굿모닝힐상가)",031-946-9955
1123,가좌대화점,경기,고양시,경기 고양시 일산서구 가좌1로 73,031-921-9248
1124,탄현점,경기,고양시,경기 고양시 일산서구 일현로 122 (동성상가 103호,031-919-9201
1125,풍동점,경기,고양시,경기 고양시 일산동구 숲속마을1로 48번길 42 103호,031-904-8592
1126,백석점,경기,고양시,경기 고양시 일산동구 강촌로 144,031-908-9292
1127,고양원당점,경기,고양시,경기 고양시 덕양구 마상로154번길 2(성사동),031-968-9892
1128,사리현점,경기,고양시,경기 고양시 일산동구 공릉천로 32,031-969-9555
1129,화정부영점,경기,고양시,경기 고양시 덕양구 화중로 220 달빛마을,031-968-3392
1130,별빛점,경기,고양시,경기 고양시 덕양구 화신로 284,031-972-3392
1131,화정주공점,경기,고양시,경기 고양시 덕양구 백양로 6,031-938-0404
1132,가라뫼점,경기,고양시,경기 고양시 덕양구 행신로 311번길 16,031-973-9289
1133,원흥점,경기,고양시,"경기 고양시 덕양구 서삼릉1길 70, 1층일부(원흥동)",031-965-9292
1134,삼송리점,경기,고양시,경기 고양시 삼송로185번길,02-381-1188
1135,구리점,경기,구리시,경기 구리시 원수택로 47-1,031-562-8292
1136,민락2호점,경기,의정부시,경기 의정부시 오목로225번길 79-16 1층(민락동),031-853-8321
1137,금오점,경기,의정부시,경기 의정부시 추동로94,031-847-9222
1138,의정부5호점,경기,의정부시,경기 의정부시 경의로 86(의정부동),031-876-3737
1139,용문점,경기,양평군,경기 양평군 용문면 다문중앙1길 15,031-774-5420
1140,양수리점,경기,양평군,경기 양평군 양서면 용담리 507-46,031-772-7974
1141,청평점,경기,가평군,경기 가평군 청평면 청평중앙로 64,031-585-8960
1142,가평점,경기,가평군,"경기 가평군 가평읍 가화로 133, 1층",031-582-9191
1143,가평현리점,경기,가평군,경기 가평군 조종면 현창로38번길 11,031-585-1090
1144,호원점,경기,의정부시,경기 의정부시 호원동 454-14,031-871-7959
1145,신곡점,경기,의정부시,경기 의정부시 장금로78번길 49(신곡동),031-856-8286
1146,송우리점,경기,포천시,경기 포천시 소흘읍 태봉로 166번길 5,031-544-9696
1147,가산점,경기,포천시,경기 포천시 가산면 가산로 370,031-543-0575
1148,포천점,경기,포천시,경기 포천시 호병로 55,031-535-9292
1149,관인점,경기,포천시,경기 포천시 관인면 관인로 21,031-534-9555
1150,전곡점,경기,연천군,경기 연천군 전곡읍 전곡로 216,031-832-9942
1151,상패점,경기,동두천시,경기 동두천시 상패로 186,031-865-1102
1152,덕정점,경기,양주시,경기 양주시 덕정길 50,031-858-9297
1153,구래점,경기,김포,경기 김포 한강9로 12번길 8-6 (구래동 6896-14),031-996-3392
1154,김포장기점,경기,김포시,경기 김포시 장기동 1407,031-989-9242
1155,사우북변점,경기,김포시,경기 김포시 사우동 225-3 103호,031-983-9208
1156,풍무점,경기,김포시,경기 김포시 풍무동 629 1층 103호,031-983-3889
1157,평택태평점,경기,평택시,경기 평택시 고덕면 궁리 75,031-664-5548
1158,평택세교점,경기,평택시,경기 평택시 세교2로 45 상가 109,031-656-9366
1159,지산서정점,경기,평택시,경기 평택시 서정동 799-2,031-667-8253
1160,고현점,경기,오산시,경기 오산시 고현동 17,031-378-8292
1161,누읍점,경기,오산시,경기 오산시 누읍로 20,031-373-9282
1162,오산세교점,경기,오산시,경기 오산시 청학로250,031-378-6606
1163,오산은계점,경기,오산시,경기 오산시 은계동 33-3,031-377-9245
1164,금호점,경기,수원시,경기 수원시 권선구 금호로 28,031-891-1515
1165,서수원점,경기,수원시,경기 수원시 권선구 구운동 525-4,031-291-7885
1166,송죽조원점,경기,수원시,경기 수원시 장안구 송죽동 500,031-245-6966
1167,화서점,경기,수원시,경기 수원시 팔달구 화서동 184-348,031-247-5754
1168,권선점,경기,수원시,경기 수원시 권선동 1028-6번지,031-222-8202
1169,곡반정점,경기,수원시,경기 수원시 권선구 곡반정동 569-16,031-222-9799
1170,광교점,경기,수원시,경기 수원시 영통구 법조로 149번길 190,031-215-9282
1171,흥덕점,경기,수원시,경기 수원시 영통구 삼성로 320번길 35,031-217-9283
1172,오목천점,경기,수원시,경기 수원시 권선구 매송고색로 526,031-227-1033
1173,기안점,경기,화성시,경기 화성시 기안동 354-1,031-224-5646
1174,봉담점,경기,화성시,경기 화성시 봉담읍 상리15-10,031-227-0052
1175,동탄2점,경기,화성시,경기 화성시 지산1길 22-1 103호(영천동),031-378-6644
1176,병점점,경기,화성시,경기 화성시 병점로 37-6,031-226-8600
1177,반도체점,경기,화성시,경기 화성시 삼성1로6길 11-2,031-202-2374
1178,서천점,경기,용인시,경기 용인시 기흥구 서천서로12번길 4-11,031-206-9266
1179,남양점,경기,화성시,경기 화성시 남양동 547,031-357-9980
1180,팔탄점,경기,화성시,경기 화성시 팔탄면 서촌길 16,031-352-6787
1181,안중점,경기,평택시,경기 평택시 안중읍 안중로18번길 2-19,031-681-9688
1182,향남점,경기,화성시,"경기 화성시 향남읍 행정동로 86, 103호",031-354-9124
1183,발안점,경기,화성시,경기 화성시 향남읍 3.1만세로 1109-29,031-353-0015
1184,왕림점,경기,화성시,경기 화성시 봉담읍 왕림 405-1,031-298-6531
1185,성남태평점,경기,성남시,경기 성남시 수정구 태평동 2359,031-755-9990
1186,금광점,경기,성남시,경기 성남시 중원구 금광동 4314 104호,031-732-9229
1187,상대원점,경기,성남시,경기 성남시 중원구 상대원동 1132,031-604-0123
1188,수지상현점,경기,용인시,경기 용인시 상현동 859 롯데아파트상가 116호,031-266-9292
1189,야탑점,경기,성남시,경기 성남시 분당구 매화로38번길9-1,031-709-1577
1190,동판교점,경기,성남시,경기 성남시 분당구 동판교로 52번길 9-3(백현동),031-704-9222
1191,서현분당점,경기,성남시,"경기 성남시 분당구 분당로 212, 상가동 102호(분당동, 샛별마을)",031-703-9285
1192,정자점,경기,성남시,경기 성남시 분당구 내정로119번길36,031-781-2674
1193,구미금곡점,경기,성남시,경기 성남시 분당구 미금일로 81,031-713-9288
1194,휘닉스파크점,강원,평창군,"강원 평창군 봉평면 태기로 30, A동 2층 101호(아벨라상가)",033-333-1114
1195,횡계점,강원,평창군,강원 평창군 대관령면 횡계리 321-12,033-335-3511
1196,화촌점,강원,홍천군,강원 홍천군 화촌면 성산로134번길 15,033-432-8216
1197,화천점,강원,화천군,강원 화천군 화천읍 중앙로1길14-1,033-441-6914
1198,홍천점,강원,홍천군,강원 홍천군 홍천읍 꽃뫼로 137,033-433-5392
1199,호산점,강원,삼척시,강원 삼척시 원덕읍 호산2길 67-1,033-572-9095
1200,현리점,강원,인제군,강원 인제군 기린면 덕다리길 8,033-461-5406
1201,학성점,강원,원주시,"강원 원주시 학성길 46, 상가동 1층 103호(학성동, 삼천리아파트)",033-744-2101
1202,퇴계점,강원,춘천시,강원 춘천시 행촌로32번길 16(퇴계동),033-256-5149
1203,태장소초점,강원,원주시,강원 원주시 소초면 치악로 2355,033-732-0095
1204,태장1점,강원,원주시,강원 원주시 현충로 148(태장동),033-745-8800
1205,태백점,강원,태백시,"강원 태백시 황지로 44. 107호(황지동, 우남연립)",033-553-4560
1206,천곡점,강원,동해시,강원 동해시 감추로 16(천곡동),033-531-5445
1207,영월중동점,강원,영월군,강원 영월군 산솔면 태백산로 1195,033-378-2200
1208,주천점,강원,영월군,강원 영월군 주천면 주천면 주천로84번길 1,033-372-9262
1209,조양점,강원,속초시,"강원 속초시 새마을길 5, 1층(조양동)",033-632-7111
1210,정선점,강원,정선군,강원 정선군 정선읍 비봉로 58-1,033-563-4848
1211,정선남면점,강원,정선군,강원 정선군 남면 문은단로 3,033-592-8288
1212,정동진점,강원,강릉시,강원 강릉시 강동면 정동3길 46-4,033-644-5831
1213,임원점,강원,삼척시,강원 삼척시 원덕읍 임원중앙로 37,033-573-6334
1214,원주일산점,강원,원주시,"강원 원주시 무실로 50(일산동, 지상1층)",033-731-5688
1215,인제점,강원,인제군,강원 인제군 인제읍 비봉로16번길 5,033-461-1666
1216,원통점,강원,인제군,강원 인제군 북면 원통로147번길 32,033-461-9282
1217,양양점,강원,양양군,강원 양양군 양양읍 남문7길 5,033-671-4743
1218,양덕원점,강원,홍천군,강원 홍천군 남면 양덕원2길 30,033-432-0880
1219,양구점,강원,양구군,강원 양구군 양구읍 사명길 66,033-481-9998
1220,아야진점,강원,고성군,강원 고성군 토성면 아야진리 49-3,033-631-1130
1221,영월쌍용점,강원,영월군,강원 영월군 한반도면 쌍용로 82-1,033-372-5261
1222,신남점,강원,인제군,강원 인제군 남면 신남로48번길 19,033-461-8295
1223,시동점,강원,홍천군,강원 홍천군 남면 시동안로 321,033-432-0939
1224,수타사점,강원,홍천군,강원 홍천군 동면 속초길 6,033-436-9992
1225,석사점,강원,춘천시,강원 춘천시 효석로67번길 18-1(석사동),033-262-6592
1226,서면점,강원,홍천군,강원 홍천군 서면 팔봉산로 1180,033-434-5605
1227,북방점,강원,홍천군,강원 홍천군 북방면 영서로 2706,033-434-8824
1228,춘천부안점,강원,춘천시,강원 춘천시 보안길 42(후평동),033-251-1677
1229,봉포점,강원,고성군,강원 고성군 토성면 토성로 65,033-635-7575
1230,명륜점,강원,원주시,"강원 원주시 남원로527번길 66, 1층 (명륜동)",033-762-7778
1231,마차점,강원,영월군,강원 영월군 북면 마차중앙1길 39-1,033-372-3940
1232,동해본점,강원,동해시,"강원 동해시 해안로 635-4, 1층(발한동)",033-533-9383
1233,동면점,강원,양구군,강원 양구군 동면 금강산로 1554,033-481-7130
1234,단관점,강원,원주시,"강원 원주시 단관길 177-9(관설동, 1층)",033-766-9266
1235,단계점,강원,원주시,강원 원주시 북원로2246번길 45(단계동),033-731-0101
1236,내면점,강원,홍천군,강원 홍천군 내면 창촌로 33-1,033-432-1763
1237,남부점,강원,춘천시,강원 춘천시 공지로 354(효자동),033-254-3503
1238,속초금호점,강원,속초시,강원 속초시 중앙로121번길 6(금호동),033-633-2239
1239,근덕점,강원,삼척시,강원 삼척시 근덕면 교가길 22-9,033-573-9293
1240,구곡점,강원,원주시,"강원 원주시 늘품로 8, 101호(단구동)",033-762-8989
1241,속초교동점,강원,속초시,강원 속초시 교동 먹거리4길 33(교동),033-632-3370
1242,계촌점,강원,평창군,강원 평창군 방림면 계촌길 58,033-333-9950
1243,강현점,강원,양양군,강원 양양군 강현면 물치천로 12,033-671-4201
1244,강대점,강원,춘천시,"강원 춘천시 서부 대성로 182-1, 1층(효자동)",033-251-7782
1245,문혜리점,강원,철원군,강원 철원군 갈말읍 두루미로 100-1,033-452-5592
1246,제천A점,충북,제천시,"충북 제천시 숭의로1길 2, 1층(화산동)",043-642-6992
1247,광혜원점,충북,음성군,충북 음성군 대소면 대청로 15,043-535-9998
